ESPECIE,T_DISTRIB,VEDA,RESOLUCION,ENTID_VEDA,CATEG_CIT,CATEG_UICN,CATE_MINIS,MIGRACION,TIPO_MIGR,VIGEN_VEDA,USO,DIETA,DISTR_ALT,TABLA,TABLA
Amazilia tzacatl,Cosmopolita,Nacional,0787 de 1977,INDERENA - Instituto Nacional de Recursos Naturales Renovables y del Ambiente,No aplica,Preocupación Menor (LC),No aplica,No,,Indefinida,,Nectarívoro,<2500,CIRA,VRC
Amazona ochrocephala,Cosmopolita,Nacional,0787 de 1977,INDERENA - Instituto Nacional de Recursos Naturales Renovables y del Ambiente,Apendice II,Preocupación Menor (LC),No aplica,No,0,Indefinida,Mascotas,Frugívoro,<850,CIRA,VRC
Ameiva praesignis,Cosmopolita,Nacional,0787 de 1977,INDERENA - Instituto Nacional de Recursos Naturales Renovables y del Ambiente,No aplica,Preocupación Menor (LC),No aplica,No,0,Indefinida,0,Omnívoro,<700,CIRA,VRC
Amerotyphlops reticulatus,Cosmopolita,Nacional,0787 de 1977,INDERENA - Instituto Nacional de Recursos Naturales Renovables y del Ambiente,No aplica,Preocupación Menor (LC),No aplica,No,,Indefinida,,Insectivoro,<812,CIRA,NULL
Andinoacara pulcher,Restringida,,,,No aplica,No Evaluado (NE),No aplica,Sí,Estacional,,Otro,Carnivoro,<600,CIRA,NULL
Anolis aff. sulcifrons,,Nacional,0787 de 1977,INDERENA - Instituto Nacional de Recursos Naturales Renovables y del Ambiente,No aplica,No Evaluado (NE),No aplica,No,,Indefinida,,Insectivoro,,CIRA,NULL
Anolis auratus,,Nacional,0787 de 1977,INDERENA - Instituto Nacional de Recursos Naturales Renovables y del Ambiente,No aplica,No Evaluado (NE),No aplica,No,,Indefinida,,Insectivoro,,CIRA,VRC
Anolis tropidogaster,0,Nacional,0787 de 1977,INDERENA - Instituto Nacional de Recursos Naturales Renovables y del Ambiente,No aplica,No Evaluado (NE),No aplica,No,0,Indefinida,0,Insectivoro,0,CIRA,VRC
Anthracothorax nigricollis,Cosmopolita,Nacional,0787 de 1977,INDERENA - Instituto Nacional de Recursos Naturales Renovables y del Ambiente,No aplica,Preocupación Menor (LC),No aplica,No,,Indefinida,,Nectarívoro,<1000,CIRA,VRC
Anurolimnas viridis,Cosmopolita,Nacional,0787 de 1977,INDERENA - Instituto Nacional de Recursos Naturales Renovables y del Ambiente,No aplica,Preocupación Menor (LC),No aplica,No,,Indefinida,,Granívoro,<1300,CIRA,NULL
Ara ararauna,Cosmopolita,Nacional,0787 de 1977,INDERENA - Instituto Nacional de Recursos Naturales Renovables y del Ambiente,No aplica,Preocupación Menor (LC),No aplica,No,,Indefinida,Mascotas,Frugívoro,<500,CIRA,NULL
Aramides cajaneus,Cosmopolita,Nacional,0787 de 1977,INDERENA - Instituto Nacional de Recursos Naturales Renovables y del Ambiente,No aplica,No Evaluado (NE),No aplica,No,0,Indefinida,0,Omnivoro,<2000,CIRA,VRC
Ardea alba,Cosmopolita,Nacional,0787 de 1977,INDERENA - Instituto Nacional de Recursos Naturales Renovables y del Ambiente,No aplica,Preocupación Menor (LC),No aplica,Sí,Latitudinal,Indefinida,0,Carnivoro,<1500,CIRA,VRC
Artibeus lituratus,Cosmopolita,Nacional,0787 de 1977,INDERENA - Instituto Nacional de Recursos Naturales Renovables y del Ambiente,No aplica,Preocupación Menor (LC),No aplica,No,,Indefinida,,Frugívoro,<2000,CIRA,NULL
Astyanas fasciatus,Restringida,,,,No aplica,No Evaluado (NE),No aplica,Sí,Estacional,,Otro,Carnivoro,<500,CIRA,NULL
Basiliscus galeritus,Restringida,Nacional,0787 de 1977,INDERENA - Instituto Nacional de Recursos Naturales Renovables y del Ambiente,No aplica,Preocupación Menor (LC),No aplica,No,,Indefinida,,Insectivoro,<980,CIRA,NULL
Boa Constrictor,Cosmopolita,Nacional,0787 de 1977,INDERENA - Instituto Nacional de Recursos Naturales Renovables y del Ambiente,Apendice II,No Evaluado (NE),No aplica,No,0,Indefinida,0,Carnivoro,<1000,CIRA,VRC
Bothrops asper,Cosmopolita,Nacional,0787 de 1977,INDERENA - Instituto Nacional de Recursos Naturales Renovables y del Ambiente,No aplica,No Evaluado (NE),No aplica,No,,Indefinida,,Carnivoro,<600,CIRA,NULL
Bradypus variegatus,Cosmopolita,Nacional,0787 de 1977,INDERENA - Instituto Nacional de Recursos Naturales Renovables y del Ambiente,Apendice II,Preocupación menor (LC),No aplica,No,,Indefinida,,Herbívoro,<2400,CIRA,VRC
Brotogeris jugularis,Cosmopolita,Nacional,0787 de 1977,INDERENA - Instituto Nacional de Recursos Naturales Renovables y del Ambiente,Apendice II,Preocupación Menor (LC),No aplica,No,0,Indefinida,Mascotas,Frugívoro,<1400,CIRA,VRC
Bubulcus ibis,Cosmopolita,Nacional,0787 de 1977,INDERENA - Instituto Nacional de Recursos Naturales Renovables y del Ambiente,No aplica,Preocupación Menor (LC),No aplica,Sí,Latitudinal,Indefinida,0,Insectivoro,<4080,CIRA,VRC
Buteogallus meridionalis,Cosmopolita,Nacional,0787 de 1977,INDERENA - Instituto Nacional de Recursos Naturales Renovables y del Ambiente,No aplica,Preocupación Menor (LC),No aplica,No,0,Indefinida,0,Carnivoro,<1400,CIRA,VRC
Butorides striata,Cosmopolita,Nacional,0787 de 1977,INDERENA - Instituto Nacional de Recursos Naturales Renovables y del Ambiente,No aplica,Preocupación Menor (LC),No aplica,No,0,Indefinida,0,Carnivoro,<2600,CIRA,VRC
Cacicus cela,Cosmopolita,Nacional,0787 de 1977,INDERENA - Instituto Nacional de Recursos Naturales Renovables y del Ambiente,No Aplica,Preocupación Menor (LC),No aplica,No,No Aplica,Indefinida,Mascotas,Omnívoro,<500,CIRA,VRC
Caecilia aff. Subnigricans,Restringida,Nacional,0787 de 1977,INDERENA - Instituto Nacional de Recursos Naturales Renovables y del Ambiente,No aplica,Preocupación Menor (LC),No aplica,No,,Indefinida,,Insectivoro,,CIRA,NULL
Caiman crocodilus,Cosmopolita,Nacional,0787 de 1977,INDERENA - Instituto Nacional de Recursos Naturales Renovables y del Ambiente,Apendice II,Preocupación Menor (LC),No aplica,No,0,Indefinida,0,Carnivoro,<500,CIRA,VRC
Camptostoma obsoletum,Cosmopolita,Nacional,0787 de 1977,INDERENA - Instituto Nacional de Recursos Naturales Renovables y del Ambiente,No aplica,Preocupación Menor (LC),No aplica,No,,Indefinida,,Insectivoro,<2800,CIRA,VRC
Campylorhynchus griseus,Cosmopolita,Nacional,0787 de 1977,INDERENA - Instituto Nacional de Recursos Naturales Renovables y del Ambiente,No aplica,Preocupación Menor (LC),No aplica,No,0,Indefinida,0,Insectivoro,<2100,CIRA,VRC
Caracara cheriway,Cosmopolita,Nacional,0787 de 1977,INDERENA - Instituto Nacional de Recursos Naturales Renovables y del Ambiente, Apéndice II,Preocupación Menor (LC),No aplica,No,,Indefinida,,Omnivoro,<2600,CIRA,VRC
Carollia sp.,,Nacional,0787 de 1977,INDERENA - Instituto Nacional de Recursos Naturales Renovables y del Ambiente,,,,,,Indefinida,,Frugívoro,,CIRA,NULL
Cathartes aura,Cosmopolita,Nacional,0787 de 1977,INDERENA - Instituto Nacional de Recursos Naturales Renovables y del Ambiente,No aplica,Preocupación Menor (LC),No aplica,Sí,Latitudinal,Indefinida,0,Carnivoro,<4300,CIRA,VRC
Cathartes burrovianus,Cosmopolita,Nacional,0787 de 1977,INDERENA - Instituto Nacional de Recursos Naturales Renovables y del Ambiente,No aplica,Preocupación Menor (LC),No aplica,No,0,Indefinida,0,Otro,<1000,CIRA,VRC
Cebus albifrons versicolor,Cosmopolita,Nacional,0787 de 1977,INDERENA - Instituto Nacional de Recursos Naturales Renovables y del Ambiente,No Aplica,Preocupación Menor (LC),No aplica,No,,Indefinida,Mascotas,Omnivoro,<2000,CIRA,NULL
Certhiaxis cinnamomeus,Cosmopolita,Nacional,0787 de 1977,INDERENA - Instituto Nacional de Recursos Naturales Renovables y del Ambiente,No aplica,Preocupación Menor (LC),No aplica,No,0,Indefinida,0,Insectivoro,<1000,CIRA,VRC
Chaetura brachyura,Cosmopolita,Nacional,0787 de 1977,INDERENA - Instituto Nacional de Recursos Naturales Renovables y del Ambiente,No aplica,Preocupación Menor (LC),No aplica,No,,Indefinida,,Insectivoro,<1050,CIRA,NULL
Chalybura buffonii,Cosmopolita,Nacional,0787 de 1977,INDERENA - Instituto Nacional de Recursos Naturales Renovables y del Ambiente,No aplica,Preocupación Menor (LC),No aplica,No,,Indefinida,,Nectarívoro,<2000,CIRA,NULL
Chauna chavaria,Restringida,Nacional,0787 de 1977,INDERENA - Instituto Nacional de Recursos Naturales Renovables y del Ambiente,No aplica,Casi Amenazada (NT),Vulnerable (VU),Sí,Longitudinal,Indefinida,Mascotas,Herbívoro,<1200,CIRA,VRC
Chelonoidis carbonaria,Restringida,Nacional,0787 de 1977,INDERENA - Instituto Nacional de Recursos Naturales Renovables y del Ambiente,Apendice II,,Vulnerable (VU),No,,Indefinida,Mascotas,Herbívoro,<300,CIRA,NULL
Chrysomus icterocephalus,Cosmopolita,Nacional,0787 de 1977,INDERENA - Instituto Nacional de Recursos Naturales Renovables y del Ambiente,No aplica,Preocupación Menor (LC),No aplica,No,0,Indefinida,0,Omnivoro,<2600,CIRA,VRC
Cnemidophorus lemniscatus,Cosmopolita,Nacional,0787 de 1977,INDERENA - Instituto Nacional de Recursos Naturales Renovables y del Ambiente,No aplica,No Evaluado (NE),No aplica,No,0,Indefinida,0,Insectivoro,<1600,CIRA,NULL
Coccyzus americanus,Cosmopolita,Nacional,0787 de 1977,INDERENA - Instituto Nacional de Recursos Naturales Renovables y del Ambiente,No aplica,Preocupación Menor (LC),No aplica,Sí,l,Indefinida,,Insectivoro,<2800,CIRA,NULL
Coendou bicolor,Cosmopolita,Nacional,0787 de 1977,INDERENA - Instituto Nacional de Recursos Naturales Renovables y del Ambiente,No aplica,Preocupación menor (LC),No aplica,No,,Indefinida,,Frugívoro,<2500,CIRA,NULL
Coereba flaveola,Cosmopolita,Nacional,0787 de 1977,INDERENA - Instituto Nacional de Recursos Naturales Renovables y del Ambiente,No aplica,Preocupación Menor (LC),No aplica,No,,Indefinida,,Nectarívoro,<1500,CIRA,VRC
Colaptes punctigula,Cosmopolita,Nacional,0787 de 1977,INDERENA - Instituto Nacional de Recursos Naturales Renovables y del Ambiente,No aplica,Preocupación Menor (LC),No aplica,No,0,Indefinida,0,Insectivoro,<1600,CIRA,VRC
Columba livia,Cosmopolita,Nacional,0787 de 1977,INDERENA - Instituto Nacional de Recursos Naturales Renovables y del Ambiente,No aplica,Preocupación Menor (LC),No aplica,No,,Indefinida,Mascotas,Granívoro,<4300,CIRA,NULL
Columbina squammata,Cosmopolita,Nacional,0787 de 1977,INDERENA - Instituto Nacional de Recursos Naturales Renovables y del Ambiente,No aplica,Preocupación Menor (LC),No aplica,No,0,Indefinida,0,Omnivoro,<500,CIRA,VRC
Columbina talpacoti,Cosmopolita,Nacional,0787 de 1977,INDERENA - Instituto Nacional de Recursos Naturales Renovables y del Ambiente,No aplica,Preocupación Menor (LC),No aplica,No,0,Indefinida,0,Omnivoro,<1600,CIRA,VRC
Contopus sp,,Nacional,0787 de 1977,INDERENA - Instituto Nacional de Recursos Naturales Renovables y del Ambiente,,,,,,Indefinida,,Insectivoro,,CIRA,NULL
Coragyps atratus,Cosmopolita,Nacional,0787 de 1977,INDERENA - Instituto Nacional de Recursos Naturales Renovables y del Ambiente,No aplica,Preocupación Menor (LC),No aplica,No,0,Indefinida,Otro,Omnivoro,<2800,CIRA,VRC
Crotophaga ani,Cosmopolita,Nacional,0787 de 1977,INDERENA - Instituto Nacional de Recursos Naturales Renovables y del Ambiente,No aplica,Preocupación Menor (LC),No aplica,No,0,Indefinida,0,Insectivoro,<2300,CIRA,VRC
Crotophaga major,Cosmopolita,Nacional,0787 de 1977,INDERENA - Instituto Nacional de Recursos Naturales Renovables y del Ambiente,No aplica,Preocupación Menor (LC),No aplica,No,0,Indefinida,0,Insectivoro,<800,CIRA,VRC
Crypturellus soui,Cosmopolita,Nacional,0787 de 1977,INDERENA - Instituto Nacional de Recursos Naturales Renovables y del Ambiente,No aplica,Preocupación Menor (LC),No aplica,No,,Indefinida,,Insectivoro,<2000,CIRA,VRC
Cyanocorax affinis,Cosmopolita,Nacional,0787 de 1977,INDERENA - Instituto Nacional de Recursos Naturales Renovables y del Ambiente,No aplica,Preocupación Menor (LC),No aplica,No,,Indefinida,Mascotas,Insectivoro,<2200,CIRA,VRC
Cyclarhis gujanensis,Cosmopolita,Nacional,0787 de 1977,INDERENA - Instituto Nacional de Recursos Naturales Renovables y del Ambiente,No aplica,Preocupación Menor (LC),No aplica,No,,Indefinida,,Frugívoro,<3100,CIRA,NULL
Dasypus novemcinctus,Cosmopolita,Nacional,0787 de 1977,INDERENA - Instituto Nacional de Recursos Naturales Renovables y del Ambiente,No aplica,Preocupación Menor (LC),No aplica,No,,Indefinida,,Omnívoro,<2000,CIRA,VRC
Dendrobates truncatus,Restringida,Nacional,0787 de 1977,INDERENA - Instituto Nacional de Recursos Naturales Renovables y del Ambiente,Apendice II,Preocupación Menor (LC),No aplica,No,,Indefinida,Mascotas,Insectivoro,350-1200,CIRA,VRC
Dendroplex picus,Cosmopolita,Nacional,0787 de 1977,INDERENA - Instituto Nacional de Recursos Naturales Renovables y del Ambiente,No aplica,Preocupación Menor (LC),No aplica,No,,Indefinida,,Insectivoro,<1400,CIRA,NULL
Didelphis marsupialis,Cosmopolita,Nacional,0787 de 1977,INDERENA - Instituto Nacional de Recursos Naturales Renovables y del Ambiente,No aplica,Preocupación Menor (LC),No aplica,No,0,Indefinida,0,Omnivoro,<2232,CIRA,VRC
Donacobius atricapilla,Cosmopolita,Nacional,0787 de 1977,INDERENA - Instituto Nacional de Recursos Naturales Renovables y del Ambiente,No aplica,Preocupación menor (LC),No aplica,No,,Indefinida,,Insectivoro,<600,CIRA,VRC
Dryocopus lineatus,Cosmopolita,Nacional,0787 de 1977,INDERENA - Instituto Nacional de Recursos Naturales Renovables y del Ambiente,No aplica,Preocupación Menor (LC),No aplica,No,,Indefinida,,Insectivoro,<2100,CIRA,NULL
Eigenmannia virescens,,,,,No aplica,,No aplica,,,,Subsistencia,Carnivoro,<300,CIRA,NULL
Eira barbara,Cosmopolita,Nacional,0787 de 1977,INDERENA - Instituto Nacional de Recursos Naturales Renovables y del Ambiente,Apendice III,Preocupación menor (LC),No aplica,No,,Indefinida,,Carnivoro,<1200,CIRA,NULL
Elaenia flavogaster,Cosmopolita,Nacional,0787 de 1977,INDERENA - Instituto Nacional de Recursos Naturales Renovables y del Ambiente,No aplica,Preocupación Menor (LC),No aplica,No,0,Indefinida,0,Omnivoro,<2500,CIRA,VRC
Engystomops pustulosus,Cosmopolita,Nacional,0787 de 1977,INDERENA - Instituto Nacional de Recursos Naturales Renovables y del Ambiente,No aplica,Preocupación Menor (LC),No aplica,No,0,Indefinida,0,Insectivoro,<1200,CIRA,VRC
Erythrolamprus melanotus,0,Nacional,0787 de 1977,INDERENA - Instituto Nacional de Recursos Naturales Renovables y del Ambiente,No aplica,Preocupación Menor (LC),No aplica,No,0,Indefinida,0,Insectivoro,<1500,CIRA,VRC
Euphonia laniirostris,Cosmopolita,Nacional,0787 de 1977,INDERENA - Instituto Nacional de Recursos Naturales Renovables y del Ambiente,No aplica,Preocupación Menor (LC),No aplica,No,0,Indefinida,Mascotas,Frugívoro,<2200,CIRA,VRC
Eupsittula pertinax,Cosmopolita,Nacional,0787 de 1977,INDERENA - Instituto Nacional de Recursos Naturales Renovables y del Ambiente,Apendice II,Preocupación Menor (LC),No aplica,No,0,Indefinida,Mascotas,Frugívoro,<1200,CIRA,VRC
Falco sparverius,Cosmopolita,Nacional,0787 de 1977,INDERENA - Instituto Nacional de Recursos Naturales Renovables y del Ambiente,No Aplica,Preocupación Menor (LC),No aplica,No,,Indefinida,,Carnivoro,<4300,CIRA,VRC
Fluvicula pica,Cosmopolita,Nacional,0787 de 1977,INDERENA - Instituto Nacional de Recursos Naturales Renovables y del Ambiente,No Aplica,Preocupación Menor (LC),No aplica,No,,Indefinida,,Insectivoro,<1000,CIRA,NULL
Formicivora grisea,Cosmopolita,Nacional,0787 de 1977,INDERENA - Instituto Nacional de Recursos Naturales Renovables y del Ambiente,No aplica,Preocupación Menor (LC),No aplica,No,,Indefinida,,Insectivoro,<1600,CIRA,NULL
Forpus conspicillatus,Cosmopolita,Nacional,0787 de 1977,INDERENA - Instituto Nacional de Recursos Naturales Renovables y del Ambiente,Apendice II,Preocupación Menor (LC),No aplica,No,0,Indefinida,Mascotas,Frugívoro,<1800,CIRA,VRC
Furnarius leucopus,Cosmopolita,Nacional,0787 de 1977,INDERENA - Instituto Nacional de Recursos Naturales Renovables y del Ambiente,No aplica,Preocupación Menor (LC),No aplica,No,,Indefinida,,Insectivoro,<2700,CIRA,VRC
Gampsonyx swainsonii,Cosmopolita,Nacional,0787 de 1977,INDERENA - Instituto Nacional de Recursos Naturales Renovables y del Ambiente,No aplica,Preocupación Menor (LC),No aplica,No,,Indefinida,,Carnivoro,<1200,CIRA,NULL
Glaucis hirsutus,Cosmopolita,Nacional,0787 de 1977,INDERENA - Instituto Nacional de Recursos Naturales Renovables y del Ambiente,No aplica,Preocupación Menor (LC),No aplica,No,,Indefinida,,Nectarívoro,<1100,CIRA,VRC
Gonatodes albogularis,Restringida,Nacional,0787 de 1977,INDERENA - Instituto Nacional de Recursos Naturales Renovables y del Ambiente,No aplica,Preocupación Menor (LC),No aplica,No,0,Indefinida,0,Insectivoro,<1600,CIRA,VRC
Helicops danieli,Restringida,Nacional,0787 de 1977,INDERENA - Instituto Nacional de Recursos Naturales Renovables y del Ambiente,No aplica,Preocupación Menor (LC),No aplica,No,,Indefinida,,Carnivoro,<500,CIRA,VRC
Hemidactylus frenatus,Cosmopolita,Nacional,0787 de 1977,INDERENA - Instituto Nacional de Recursos Naturales Renovables y del Ambiente,No aplica,Preocupación Menor (LC),No aplica,No,,Indefinida,,Insectivoro,<1600,CIRA,NULL
Herpetotheres cachinnans,Cosmopolita,Nacional,0787 de 1977,INDERENA - Instituto Nacional de Recursos Naturales Renovables y del Ambiente,No Aplica,Preocupación Menor (LC),No aplica,No,No Aplica,Indefinida,,Carnivoro,<1500,CIRA,VRC
Holcosus festivus,Cosmopolita,Nacional,0787 de 1977,INDERENA - Instituto Nacional de Recursos Naturales Renovables y del Ambiente,No Aplica,Preocupación Menor (LC),No aplica,No,,Indefinida,,Insectivoro,<1450,CIRA,VRC
Hoplias malabaricus,Cosmopolita,0,0,0,No aplica,0,No aplica,Sí,Estacional,0,Subsistencia,Carnivoro,<600,CIRA,VRC
Hylophilus flavipes,Cosmopolita,Nacional,0787 de 1977,INDERENA - Instituto Nacional de Recursos Naturales Renovables y del Ambiente,No aplica,Preocupación Menor (LC),No aplica,No,0,Indefinida,0,Insectivoro,<1200,CIRA,VRC
Hypnelus ruficollis,Cosmopolita,Nacional,0787 de 1977,INDERENA - Instituto Nacional de Recursos Naturales Renovables y del Ambiente,No aplica,Preocupación Menor (LC),No aplica,No,0,Indefinida,0,Omnívoro,<1200,CIRA,VRC
Hypsiboas crepitans,Cosmopolita,Nacional,0787 de 1977,INDERENA - Instituto Nacional de Recursos Naturales Renovables y del Ambiente,No aplica,Preocupación Menor (LC),No aplica,No,0,Indefinida,0,Insectivoro,<2300,CIRA,VRC
Icterus auricapillus,Cosmopolita,Nacional,0787 de 1977,INDERENA - Instituto Nacional de Recursos Naturales Renovables y del Ambiente,No aplica,Preocupación Menor (LC),No aplica,No,,Indefinida,,Frugívoro,<800,CIRA,NULL
Icterus nigrogularis,Cosmopolita,Nacional,0787 de 1977,INDERENA - Instituto Nacional de Recursos Naturales Renovables y del Ambiente,No aplica,Preocupación Menor (LC),No aplica,No,0,Indefinida,Mascotas,Insectivoro,<3000,CIRA,VRC
Iguana iguana,Cosmopolita,Nacional,0787 de 1977,INDERENA - Instituto Nacional de Recursos Naturales Renovables y del Ambiente,Apendice II,Preocupación Menor (LC),No aplica,No,0,Indefinida,Subsistencia,Herbívoro,<1200,CIRA,VRC
Jacana jacana,Cosmopolita,Nacional,0787 de 1977,INDERENA - Instituto Nacional de Recursos Naturales Renovables y del Ambiente,No aplica,Preocupación Menor (LC),No aplica,No,0,Indefinida,0,Omnivoro,<1000,CIRA,VRC
Kinosternon leucostomum,Restringida,Nacional,0787 de 1977,INDERENA - Instituto Nacional de Recursos Naturales Renovables y del Ambiente,No aplica,,No aplica,No,,Indefinida,,Omnívoro,<750,CIRA,NULL
Laterallus albigularis,Cosmopolita,Nacional,0787 de 1977,INDERENA - Instituto Nacional de Recursos Naturales Renovables y del Ambiente,No aplica,Preocupación Menor (LC),No aplica,No,,Indefinida,,Insectivoro,<1600,CIRA,VRC
Legatus leucophaius,Cosmopolita,Nacional,0787 de 1977,INDERENA - Instituto Nacional de Recursos Naturales Renovables y del Ambiente,No aplica,Preocupación Menor (LC),No aplica,Sí,Estacional,Indefinida,,Insectivoro,<1000,CIRA,NULL
Lepidoblepharis sanctaemartae,Cosmopolita,Nacional,0787 de 1977,INDERENA - Instituto Nacional de Recursos Naturales Renovables y del Ambiente,No aplica,Preocupación Menor (LC),No aplica,No,,Indefinida,,Insectivoro,<600,CIRA,NULL
Leptodactylus fragilis,Cosmopolita,Nacional,0787 de 1977,INDERENA - Instituto Nacional de Recursos Naturales Renovables y del Ambiente,No aplica,Preocupación Menor (LC),No aplica,No,0,Indefinida,0,Insectivoro,<800,CIRA,VRC
Leptodactylus fuscus,Cosmopolita,Nacional,0787 de 1977,INDERENA - Instituto Nacional de Recursos Naturales Renovables y del Ambiente,No aplica,Preocupación Menor (LC),No aplica,No,0,Indefinida,0,Insectivoro,<500,CIRA,VRC
Leptodactylus sp.,Cosmopolita,Nacional,0787 de 1977,INDERENA - Instituto Nacional de Recursos Naturales Renovables y del Ambiente,,,,No,No Aplica,Indefinida,,Insectivoro,,CIRA,NULL
Leptodeira annulata,Cosmopolita,Nacional,0787 de 1977,INDERENA - Instituto Nacional de Recursos Naturales Renovables y del Ambiente,No aplica,Preocupación menor (LC),No aplica,No,No Aplica,Indefinida,,Insectivoro,<1500,CIRA,NULL
Leptophis ahaetulla,Cosmopolita,Nacional,0787 de 1977,INDERENA - Instituto Nacional de Recursos Naturales Renovables y del Ambiente,No aplica,Preocupación menor (LC),No aplica,No,No Aplica,Indefinida,,Insectivoro,<2000,CIRA,VRC
Leptotila verreauxi,Cosmopolita,Nacional,0787 de 1977,INDERENA - Instituto Nacional de Recursos Naturales Renovables y del Ambiente,No aplica,Preocupación Menor (LC),No aplica,No,0,Indefinida,0,Insectivoro,<2800,CIRA,VRC
Lygophis lineatus,Cosmopolita,Nacional,0787 de 1977,INDERENA - Instituto Nacional de Recursos Naturales Renovables y del Ambiente,No aplica,No Evaluado (NE),No aplica,No,0,Indefinida,0,Insectivoro,<1500,CIRA,VRC
Mabuya sp.,,Nacional,0787 de 1977,INDERENA - Instituto Nacional de Recursos Naturales Renovables y del Ambiente,,,,,,Indefinida,,Insectivoro,,CIRA,NULL
Machetornis rixosa,Cosmopolita,Nacional,0787 de 1977,INDERENA - Instituto Nacional de Recursos Naturales Renovables y del Ambiente,No aplica,Preocupación Menor (LC),No aplica,No,0,Indefinida,0,Insectivoro,<900,CIRA,VRC
Manacus manacus,Cosmopolita,Nacional,0787 de 1977,INDERENA - Instituto Nacional de Recursos Naturales Renovables y del Ambiente,No aplica,Preocupación Menor (LC),No aplica,No,No Aplica,Indefinida,,Frugívoro,<1000,CIRA,VRC
Mastigodryas boddaerti,Cosmopolita,Nacional,0787 de 1977,INDERENA - Instituto Nacional de Recursos Naturales Renovables y del Ambiente,No aplica,Preocupación Menor (LC),No aplica,No,No Aplica,Indefinida,,Insectivoro,<2600,CIRA,NULL
Megaceryle torquata,Cosmopolita,Nacional,0787 de 1977,INDERENA - Instituto Nacional de Recursos Naturales Renovables y del Ambiente,No aplica,Preocupación Menor (LC),No aplica,No,0,Indefinida,0,Carnivoro,<1500,CIRA,VRC
Megarynchus pitangua,Cosmopolita,Nacional,0787 de 1977,INDERENA - Instituto Nacional de Recursos Naturales Renovables y del Ambiente,No aplica,Preocupación Menor (LC),No aplica,No,0,Indefinida,0,Omnivoro,<1500,CIRA,NULL
Melanerpes rubricapillus,Cosmopolita,Nacional,0787 de 1977,INDERENA - Instituto Nacional de Recursos Naturales Renovables y del Ambiente,No aplica,Preocupación Menor (LC),No aplica,No,0,Indefinida,0,Insectivoro,<1900,CIRA,VRC
Milvago chimachima,Cosmopolita,Nacional,0787 de 1977,INDERENA - Instituto Nacional de Recursos Naturales Renovables y del Ambiente,Apendice II,Preocupación Menor (LC),No aplica,No,0,Indefinida,0,Insectivoro,<1200,CIRA,VRC
Mimus gilvus,Cosmopolita,Nacional,0787 de 1977,INDERENA - Instituto Nacional de Recursos Naturales Renovables y del Ambiente,No aplica,Preocupación Menor (LC),No aplica,No,No Aplica,Indefinida,Mascotas,Omnivoro,<2500,CIRA,VRC
Molothrus bonariensis,Cosmopolita,Nacional,0787 de 1977,INDERENA - Instituto Nacional de Recursos Naturales Renovables y del Ambiente,No aplica,Preocupación Menor (LC),No aplica,No,No Aplica,Indefinida,,Insectivoro,<900,CIRA,NULL
Molothrus oryzivorus,Cosmopolita,Nacional,0787 de 1977,INDERENA - Instituto Nacional de Recursos Naturales Renovables y del Ambiente,No aplica,Preocupación menor (LC),No aplica,No,No Aplica,Indefinida,,Omnivoro,<2000,CIRA,NULL
Momotus subrufescens,Cosmopolita,Nacional,0787 de 1977,INDERENA - Instituto Nacional de Recursos Naturales Renovables y del Ambiente,No aplica,Preocupación Menor (LC),No aplica,No,,Indefinida,,Insectivoro,<1300,CIRA,NULL
Monodelphis adusta,Cosmopolita,Nacional,0787 de 1977,INDERENA - Instituto Nacional de Recursos Naturales Renovables y del Ambiente,No aplica,Preocupación Menor (LC),No aplica,No,No Aplica,Indefinida,,Insectivoro,<1200,CIRA,NULL
Mycteria americana,Cosmopolita,Nacional,0787 de 1977,INDERENA - Instituto Nacional de Recursos Naturales Renovables y del Ambiente,No aplica,Preocupación Menor (LC),No aplica,No,No Aplica,Indefinida,,Carnivoro,<800,CIRA,NULL
Myiarchus crinitus,Cosmopolita,Nacional,0787 de 1977,INDERENA - Instituto Nacional de Recursos Naturales Renovables y del Ambiente,No aplica,Preocupación Menor (LC),No aplica,Sí,Estacional,Indefinida,,Insectivoro,<1400,CIRA,NULL
Myiodynastes maculatus,Cosmopolita,Nacional,0787 de 1977,INDERENA - Instituto Nacional de Recursos Naturales Renovables y del Ambiente,No aplica,Preocupación Menor (LC),No aplica,Sí,Latitudinal,Indefinida,,Insectivoro,<3000,CIRA,VRC
Myiozetetes cayanensis,Cosmopolita,Nacional,0787 de 1977,INDERENA - Instituto Nacional de Recursos Naturales Renovables y del Ambiente,No aplica,Preocupación Menor (LC),No aplica,No,0,Indefinida,0,Insectivoro,<2000,CIRA,VRC
Myiozetetes similis,Cosmopolita,Nacional,0787 de 1977,INDERENA - Instituto Nacional de Recursos Naturales Renovables y del Ambiente,No aplica,Preocupación Menor (LC),No aplica,No,0,Indefinida,0,Insectivoro,<2000,CIRA,NULL
Ninia atrata,Cosmopolita,Nacional,0787 de 1977,INDERENA - Instituto Nacional de Recursos Naturales Renovables y del Ambiente,No aplica,Preocupación Menor (LC),No aplica,No,No Aplica,Indefinida,,Insectivoro,<1000,CIRA,NULL
Notosciurus granatensis,Cosmopolita,Nacional,0787 de 1977,INDERENA - Instituto Nacional de Recursos Naturales Renovables y del Ambiente,No aplica,Preocupación Menor (LC),No aplica,No,,Indefinida,Mascotas,Frugívoro,<3000,CIRA,NULL
Nyctidromus albicollis,Cosmopolita,Nacional,0787 de 1977,INDERENA - Instituto Nacional de Recursos Naturales Renovables y del Ambiente,No aplica,Preocupación Menor (LC),No aplica,No,0,Indefinida,0,Insectivoro,<2300,CIRA,VRC
Ortalis columbiana,Restringida,Nacional,0787 de 1977,INDERENA - Instituto Nacional de Recursos Naturales Renovables y del Ambiente,No aplica,Preocupación Menor (LC),No aplica,No,0,Indefinida,Mascotas,Frugívoro,<2500,CIRA,VRC
Pachyramphus cinnamomeus,Cosmopolita,Nacional,0787 de 1977,INDERENA - Instituto Nacional de Recursos Naturales Renovables y del Ambiente,No aplica,Preocupación Menor (LC),No aplica,No,No Aplica,Indefinida,,Insectivoro,<1500,CIRA,NULL
Pachyramphus rufus,Cosmopolita,Nacional,0787 de 1977,INDERENA - Instituto Nacional de Recursos Naturales Renovables y del Ambiente,No aplica,Preocupación Menor (LC),No aplica,No,No Aplica,Indefinida,,Insectivoro,<1500,CIRA,NULL
Parkesia noveboracensis,Cosmopolita,Nacional,0787 de 1977,INDERENA - Instituto Nacional de Recursos Naturales Renovables y del Ambiente,No aplica,Preocupación Menor (LC),No aplica,Sí,Latitudinal,Indefinida,0,Insectivoro,<2000,CIRA,VRC
Patagioenas cayennensis,Cosmopolita,Nacional,0787 de 1977,INDERENA - Instituto Nacional de Recursos Naturales Renovables y del Ambiente,No aplica,Preocupación Menor (LC),No aplica,Sí,Estacional,Indefinida,Subsistencia,Frugívoro,<800,CIRA,VRC
Phaethornis  anthophilus,Cosmopolita,Nacional,0787 de 1977,INDERENA - Instituto Nacional de Recursos Naturales Renovables y del Ambiente,No aplica,Preocupación Menor (LC),No aplica,no,,Indefinida,,Nectarívoro,<1500,CIRA,NULL
Phaethornis anthophilus,Cosmopolita,Nacional,0787 de 1977,INDERENA - Instituto Nacional de Recursos Naturales Renovables y del Ambiente,No aplica,Preocupación Menor (LC),No aplica,no,,Indefinida,,Nectarívoro,<1500,CIRA,NULL
Pheugopedius fasciatoventris,Cosmopolita,Nacional,0787 de 1977,INDERENA - Instituto Nacional de Recursos Naturales Renovables y del Ambiente,No aplica,Preocupación Menor (LC),No aplica,No,No Aplica,Indefinida,,Insectivoro,<1000,CIRA,NULL
Phimosus infuscatus,Cosmopolita,Nacional,0787 de 1977,INDERENA - Instituto Nacional de Recursos Naturales Renovables y del Ambiente,No aplica,Preocupación Menor (LC),No aplica,No,0,Indefinida,0,Omnivoro,<2600,CIRA,VRC
Phyllostomus hastatus,Cosmopolita,Nacional,0787 de 1977,INDERENA - Instituto Nacional de Recursos Naturales Renovables y del Ambiente,No aplica,Preocupación Menor (LC),No aplica,No,No Aplica,Indefinida,,Insectivoro,<1800,CIRA,NULL
Piaractus brachypomus,Cosmopolita,,,,No aplica,,No aplica,No,No Aplica,,Subsistencia,Insectivoro,,CIRA,NULL
Picumnus olivaceus,Cosmopolita,Nacional,0787 de 1977,INDERENA - Instituto Nacional de Recursos Naturales Renovables y del Ambiente,No aplica,Preocupación Menor (LC),No aplica,No,No Aplica,Indefinida,,Insectivoro,<2300,CIRA,NULL
Pionus menstruus,Cosmopolita,Nacional,0787 de 1977,INDERENA - Instituto Nacional de Recursos Naturales Renovables y del Ambiente,No aplica,Preocupación Menor (LC),No aplica,No,No Aplica,Indefinida,Mascotas,Frugívoro,<1400,CIRA,NULL
Piranga rubra,Cosmopolita,Nacional,0787 de 1977,INDERENA - Instituto Nacional de Recursos Naturales Renovables y del Ambiente,No aplica,Preocupación Menor (LC),No aplica,Sí,Latitudinal,Indefinida,Mascotas,Insectivoro,<2000,CIRA,VRC
Pitangus sulphuratus,Cosmopolita,Nacional,0787 de 1977,INDERENA - Instituto Nacional de Recursos Naturales Renovables y del Ambiente,No aplica,Preocupación Menor (LC),No aplica,No,0,Indefinida,0,Omnivoro,<1500,CIRA,VRC
Poecilia reticulata,,,,,No aplica,,No aplica,,,,Mascotas,Insectivoro,,CIRA,NULL
Poecilotriccus sylvia,Cosmopolita,Nacional,0787 de 1977,INDERENA - Instituto Nacional de Recursos Naturales Renovables y del Ambiente,No aplica,Preocupación Menor (LC),No aplica,No,No Aplica,Indefinida,,Insectivoro,<1100,CIRA,NULL
Porphyrio martinicus,Cosmopolita,Nacional,0787 de 1977,INDERENA - Instituto Nacional de Recursos Naturales Renovables y del Ambiente,No aplica,Preocupación Menor (LC),No aplica,Sí,Longitudinal,Indefinida,0,Omnivoro,<1200,CIRA,VRC
Porthidium lansbergii,Cosmopolita,Nacional,0787 de 1977,INDERENA - Instituto Nacional de Recursos Naturales Renovables y del Ambiente,No aplica,,No aplica,No,No Aplica,Indefinida,,Carnivoro,<600,CIRA,NULL
Procyon cancrivorus,Cosmopolita,Nacional,0787 de 1977,INDERENA - Instituto Nacional de Recursos Naturales Renovables y del Ambiente,No aplica,Preocupación Menor (LC),No aplica,No,0,Indefinida,0,Carnivoro,<2350,CIRA,VRC
Proechimys chrysaeolus,Restringida,Nacional,0787 de 1977,INDERENA - Instituto Nacional de Recursos Naturales Renovables y del Ambiente,No aplica,Datos deficientes (DD),No aplica,No,No Aplica,Indefinida,,Herbívoro,100-500,CIRA,NULL
Progne tapera,Cosmopolita,Nacional,0787 de 1977,INDERENA - Instituto Nacional de Recursos Naturales Renovables y del Ambiente,No aplica,Preocupación Menor (LC),No aplica,Sí,Latitudinal,Indefinida,,Insectivoro,<1600,CIRA,VRC
Protonotaria citrea,Cosmopolita,Nacional,0787 de 1977,INDERENA - Instituto Nacional de Recursos Naturales Renovables y del Ambiente,No aplica,Preocupación Menor (LC),No aplica,Sí,Latitudinal,Indefinida,,Insectivoro,<2500,CIRA,VRC
Psarocolius decumanus,Cosmopolita,Nacional,0787 de 1977,INDERENA - Instituto Nacional de Recursos Naturales Renovables y del Ambiente,No aplica,Preocupación Menor (LC),No aplica,no,,Indefinida,Mascotas,Frugívoro,<2600,CIRA,VRC
Pseudopaludicola pusilla,Restringida,Nacional,0787 de 1977,INDERENA - Instituto Nacional de Recursos Naturales Renovables y del Ambiente,No aplica,Preocupación Menor (LC),No aplica,No,0,Indefinida,0,Insectivoro,0,CIRA,VRC
Quiscalus lugubris,Cosmopolita,Nacional,0787 de 1977,INDERENA - Instituto Nacional de Recursos Naturales Renovables y del Ambiente,No aplica,Preocupación Menor (LC),No aplica,No,,Indefinida,,Omnivoro,<1000,CIRA,VRC
Ramphocelus dimidiatus,Cosmopolita,Nacional,0787 de 1977,INDERENA - Instituto Nacional de Recursos Naturales Renovables y del Ambiente,No aplica,Preocupación Menor (LC),No aplica,No,0,Indefinida,Mascotas,Frugívoro,<1700,CIRA,VRC
Rattus rattus,Cosmopolita,,,,No aplica,Preocupación Menor (LC),No aplica,No,No Aplica,,,Omnivoro,<3000,CIRA,NULL
Rhinella humboldti,Cosmopolita,Nacional,0787 de 1977,INDERENA - Instituto Nacional de Recursos Naturales Renovables y del Ambiente,No aplica,Preocupación Menor (LC),No aplica,No,,Indefinida,,Insectivoro,<1000,CIRA,NULL
Rhinoclemmys melanosterna,Cosmopolita,Nacional,0787 de 1977,INDERENA - Instituto Nacional de Recursos Naturales Renovables y del Ambiente,No aplica,No Evaluado (NE),No aplica,No,0,Indefinida,Mascotas,Carnivoro,<500,CIRA,VRC
Rupornis magnirostris,Cosmopolita,Nacional,0787 de 1977,INDERENA - Instituto Nacional de Recursos Naturales Renovables y del Ambiente,No aplica,Preocupación Menor (LC),No aplica,No,0,Indefinida,0,Carnivoro,<2600,CIRA,VRC
Saccopteryx leptura,Cosmopolita,Nacional,0787 de 1977,INDERENA - Instituto Nacional de Recursos Naturales Renovables y del Ambiente,No aplica,Preocupación menor (LC),No aplica,No,No Aplica,Indefinida,,Insectivoro,<500,CIRA,NULL
Sakesphorus canadensis,Cosmopolita,Nacional,0787 de 1977,INDERENA - Instituto Nacional de Recursos Naturales Renovables y del Ambiente,No aplica,Preocupación Menor (LC),No aplica,No,,Indefinida,,Insectivoro,<900,CIRA,VRC
Saltator coerulescens,Cosmopolita,Nacional,0787 de 1977,INDERENA - Instituto Nacional de Recursos Naturales Renovables y del Ambiente,No aplica,Preocupación Menor (LC),No aplica,No,0,Indefinida,Mascotas,Frugívoro,<1500,CIRA,VRC
Saltator maximus,Cosmopolita,Nacional,0787 de 1977,INDERENA - Instituto Nacional de Recursos Naturales Renovables y del Ambiente,No aplica,Preocupación Menor (LC),No aplica,No,0,Indefinida,Mascotas,Frugívoro,<1700,CIRA,VRC
Scarthyla vigilans,Cosmopolita,Nacional,0787 de 1977,INDERENA - Instituto Nacional de Recursos Naturales Renovables y del Ambiente,No aplica,Preocupación Menor (LC),No aplica,No,0,Indefinida,0,Insectivoro,<500,CIRA,VRC
Scinax ruber,Cosmopolita,Nacional,0787 de 1977,INDERENA - Instituto Nacional de Recursos Naturales Renovables y del Ambiente,No Aplica,Preocupación Menor (LC),No aplica,No,No Aplica,Indefinida,,Insectivoro,<2600,CIRA,VRC
Sciurus granatensis,Cosmopolita,Nacional,0787 de 1977,INDERENA - Instituto Nacional de Recursos Naturales Renovables y del Ambiente,No aplica,Preocupación Menor (LC),No aplica,No,0,Indefinida,Mascotas,Frugívoro,<3000,CIRA,VRC
Setophaga castanea,Cosmopolita,Nacional,0787 de 1977,INDERENA - Instituto Nacional de Recursos Naturales Renovables y del Ambiente,No aplica,Preocupación Menor (LC),No aplica,Sí,Latitudinal,Indefinida,,Insectivoro,,CIRA,NULL
Setophaga petechia,Cosmopolita,Nacional,0787 de 1977,INDERENA - Instituto Nacional de Recursos Naturales Renovables y del Ambiente,No aplica,Preocupación Menor (LC),No aplica,Sí,Estacional,Indefinida,,Insectivoro,<3000,CIRA,NULL
Setophaga striata,Cosmopolita,Nacional,0787 de 1977,INDERENA - Instituto Nacional de Recursos Naturales Renovables y del Ambiente,No aplica,Casi Amenazada (NT),No aplica,No,No Aplica,Indefinida,,Carnivoro,600-3000,CIRA,NULL
Sicalis flaveola,Cosmopolita,Nacional,0787 de 1977,INDERENA - Instituto Nacional de Recursos Naturales Renovables y del Ambiente,No aplica,Preocupación Menor (LC),No aplica,No,0,Indefinida,Mascotas,Frugívoro,<2000,CIRA,VRC
Spizaetus tyrannus,Cosmopolita,Nacional,0787 de 1977,INDERENA - Instituto Nacional de Recursos Naturales Renovables y del Ambiente,No Aplica,Preocupación Menor (LC),No aplica,No,No Aplica,Indefinida,,Carnivoro,<2000,CIRA,NULL
Sporophila crassirostris,Cosmopolita,Nacional,0787 de 1977,INDERENA - Instituto Nacional de Recursos Naturales Renovables y del Ambiente,No aplica,Preocupación Menor (LC),No aplica,No,No Aplica,Indefinida,Mascotas,Granívoro,<700,CIRA,VRC
Sporophila funerea,Cosmopolita,Nacional,0787 de 1977,INDERENA - Instituto Nacional de Recursos Naturales Renovables y del Ambiente,No aplica,Preocupación Menor (LC),No aplica,No,No Aplica,Indefinida,,Granívoro,<1100,CIRA,NULL
Sporophila minuta,Cosmopolita,Nacional,0787 de 1977,INDERENA - Instituto Nacional de Recursos Naturales Renovables y del Ambiente,No aplica,Preocupación Menor (LC),No aplica,No,0,Indefinida,Mascotas,Omnivoro,<1100,CIRA,VRC
Sporophila schistacea,Cosmopolita,Nacional,0787 de 1977,INDERENA - Instituto Nacional de Recursos Naturales Renovables y del Ambiente,No aplica,Preocupación menor (LC),No aplica,No,0,Indefinida,Mascotas,Herbívoro,<1500,CIRA,VRC
Stelgidopteryx ruficollis,Cosmopolita,Nacional,0787 de 1977,INDERENA - Instituto Nacional de Recursos Naturales Renovables y del Ambiente,No aplica,Preocupación Menor (LC),No aplica,No,,Indefinida,,Insectivoro,<3600,CIRA,VRC
Synbranchus marmoratus,Cosmopolita,0,0,0,No aplica,0,No aplica,Sí,Estacional,0,Otro,Carnivoro,<600,CIRA,VRC
Tachycineta albiventer,Cosmopolita,Nacional,0787 de 1977,INDERENA - Instituto Nacional de Recursos Naturales Renovables y del Ambiente,No aplica,Preocupación Menor (LC),No aplica,No,No Aplica,Indefinida,,Insectivoro,<700,CIRA,NULL
Tamandua mexicana,Cosmopolita,Nacional,0787 de 1977,INDERENA - Instituto Nacional de Recursos Naturales Renovables y del Ambiente,Apendice III,Preocupación menor (LC),No aplica,No,No Aplica,Indefinida,,Insectivoro,<2000,CIRA,VRC
Tangara inornata,Cosmopolita,Nacional,0787 de 1977,INDERENA - Instituto Nacional de Recursos Naturales Renovables y del Ambiente,No aplica,Preocupación Menor (LC),No aplica,No,No Aplica,Indefinida,,Frugívoro,<200,CIRA,NULL
Tapera  naevia,Cosmopolita,Nacional,0787 de 1977,INDERENA - Instituto Nacional de Recursos Naturales Renovables y del Ambiente,No aplica,Preocupación Menor (LC),No aplica,No,0,Indefinida,0,Insectivoro,<1500,CIRA,NULL
Tapera naevia,Cosmopolita,Nacional,0787 de 1977,INDERENA - Instituto Nacional de Recursos Naturales Renovables y del Ambiente,No aplica,Preocupación Menor (LC),No aplica,No,,Indefinida,,Insectivoro,<1500,CIRA,VRC
Thamnophilus doliatus,Cosmopolita,Nacional,0787 de 1977,INDERENA - Instituto Nacional de Recursos Naturales Renovables y del Ambiente,No aplica,Preocupación Menor (LC),No aplica,No,0,Indefinida,0,Insectivoro,<2000,CIRA,VRC
Thraupis episcopus,Cosmopolita,Nacional,0787 de 1977,INDERENA - Instituto Nacional de Recursos Naturales Renovables y del Ambiente,No aplica,Preocupación Menor (LC),No aplica,No,0,Indefinida,Mascotas,Frugívoro,<2600,CIRA,NULL
Thraupis palmarum,Cosmopolita,Nacional,0787 de 1977,INDERENA - Instituto Nacional de Recursos Naturales Renovables y del Ambiente,No aplica,Preocupación Menor (LC),No aplica,No,0,Indefinida,Mascotas,Frugívoro,1200,CIRA,NULL
Tiaris bicolor,Cosmopolita,Nacional,0787 de 1977,INDERENA - Instituto Nacional de Recursos Naturales Renovables y del Ambiente,No aplica,Preocupación Menor (LC),No aplica,No,,Indefinida,,Granívoro,<1300,CIRA,NULL
Tigrisoma lineatum,Cosmopolita,Nacional,0787 de 1977,INDERENA - Instituto Nacional de Recursos Naturales Renovables y del Ambiente,No aplica,Preocupación Menor (LC),No aplica,No,0,Indefinida,0,Carnivoro,<500,CIRA,VRC
Tityra inquisitor,Cosmopolita,Nacional,0787 de 1977,INDERENA - Instituto Nacional de Recursos Naturales Renovables y del Ambiente,No aplica,Preocupación Menor (LC),No aplica,No,No Aplica,Indefinida,,Omnivoro,<1200,CIRA,NULL
Tityra semifasciata,Cosmopolita,Nacional,0787 de 1977,INDERENA - Instituto Nacional de Recursos Naturales Renovables y del Ambiente,No aplica,Preocupación Menor (LC),No aplica,No,No Aplica,Indefinida,,Omnivoro,<2500,CIRA,NULL
Todirostrum cinereum,Cosmopolita,Nacional,0787 de 1977,INDERENA - Instituto Nacional de Recursos Naturales Renovables y del Ambiente,No aplica,Preocupación Menor (LC),No aplica,No,0,Indefinida,0,Insectivoro,<1500,CIRA,VRC
Tolmomyias sulphurescens,Cosmopolita,Nacional,0787 de 1977,INDERENA - Instituto Nacional de Recursos Naturales Renovables y del Ambiente,No aplica,Preocupación Menor (LC),No aplica,No,No Aplica,Indefinida,,Insectivoro,<2100,CIRA,NULL
Trachemys callirostris,Restringida,Nacional,0787 de 1977,INDERENA - Instituto Nacional de Recursos Naturales Renovables y del Ambiente,No aplica,Preocupación Menor (LC),Vulnerable (VU),No,No Aplica,Indefinida,Subsistencia,Omnivoro,<500,CIRA,NULL
Tringa solitaria,Cosmopolita,Nacional,0787 de 1977,INDERENA - Instituto Nacional de Recursos Naturales Renovables y del Ambiente,No aplica,Preocupación menor (LC),No aplica,Sí,Latitudinal,Indefinida,0,Insectivoro,<3000,CIRA,VRC
Troglodytes aedon,Cosmopolita,Nacional,0787 de 1977,INDERENA - Instituto Nacional de Recursos Naturales Renovables y del Ambiente,No aplica,Preocupación Menor (LC),No aplica,No,,Indefinida,,Insectivoro,<3000,CIRA,VRC
Tupinambis teguixin,Cosmopolita,Nacional,0787 de 1977,INDERENA - Instituto Nacional de Recursos Naturales Renovables y del Ambiente,Apendice II,Preocupación Menor (LC),No aplica,No,0,Indefinida,0,Carnivoro,<600,CIRA,VRC
Turdus ignobilis,Cosmopolita,Nacional,0787 de 1977,INDERENA - Instituto Nacional de Recursos Naturales Renovables y del Ambiente,No aplica,Preocupación Menor (LC),No aplica,No,No Aplica,Indefinida,Mascotas,Omnivoro,<1500,CIRA,VRC
Turdus nudigenis,Cosmopolita,Nacional,0787 de 1977,INDERENA - Instituto Nacional de Recursos Naturales Renovables y del Ambiente,No aplica,Preocupación Menor (LC),No aplica,No,No Aplica,Indefinida,Mascotas,Omnivoro,<1500,CIRA,NULL
Tyrannulus elatus,Cosmopolita,Nacional,0787 de 1977,INDERENA - Instituto Nacional de Recursos Naturales Renovables y del Ambiente,No aplica,Preocupación Menor (LC),No aplica,No,No Aplica,Indefinida,,Omnivoro,<1200,CIRA,NULL
Tyrannus melancholicus,Cosmopolita,Nacional,0787 de 1977,INDERENA - Instituto Nacional de Recursos Naturales Renovables y del Ambiente,No aplica,Preocupación Menor (LC),No aplica,Sí,Latitudinal,Indefinida,0,Insectivoro,<2700,CIRA,VRC
Tyrannus tyrannus,Cosmopolita,Nacional,0787 de 1977,INDERENA - Instituto Nacional de Recursos Naturales Renovables y del Ambiente,No aplica,Preocupación Menor (LC),No aplica,Sí,Latitudinal,Indefinida,,Omnivoro,<3700,CIRA,NULL
Vanellus chilensis,Cosmopolita,Nacional,0787 de 1977,INDERENA - Instituto Nacional de Recursos Naturales Renovables y del Ambiente,No aplica,Preocupación Menor (LC),No aplica,No,0,Indefinida,0,Insectivoro,<2600,CIRA,VRC
Veniliornis kirkii,Cosmopolita,Nacional,0787 de 1977,INDERENA - Instituto Nacional de Recursos Naturales Renovables y del Ambiente,No aplica,Preocupación Menor (LC),No aplica,No,No Aplica,Indefinida,,,<1900,CIRA,NULL
Vireo olivaceus,Cosmopolita,Nacional,0787 de 1977,INDERENA - Instituto Nacional de Recursos Naturales Renovables y del Ambiente,No aplica,Preocupación Menor (LC),No aplica,Sí,Latitudinal,Indefinida,,Omnivoro,<1500,CIRA,NULL
Volatinia jacarina,Cosmopolita,Nacional,0787 de 1977,INDERENA - Instituto Nacional de Recursos Naturales Renovables y del Ambiente,No aplica,Preocupación Menor (LC),No aplica,No,,Indefinida,,Granívoro,<2000,CIRA,VRC
Zygodontomys aff. brevicauda,Cosmopolita,Nacional,0787 de 1977,INDERENA - Instituto Nacional de Recursos Naturales Renovables y del Ambiente,No aplica,Preocupación Menor (LC),No aplica,No,,Indefinida,,Omnivoro,,CIRA,NULL
