SCIENTIFIC_NAME,T_DISTRIB,VEDA,RESOLUCION,ENTID_VEDA,CATEG_CIT,CATEG_UICN,CATE_MINIS,MIGRACION,TIPO_MIGR,VIGEN_VEDA,USO,DIETA,DISTR_ALT
Alouatta seniculus,Cosmopolita,Nacional,0787 de 1977,INDERENA - Instituto Nacional de Recursos Naturales Renovables y del Ambiente,Apéndice II,Preocupación Menor (LC),No aplica,No,,Indefinida,,Herbívoro,<2300
Amazilia tzacatl,Cosmopolita,Nacional,0787 de 1977,INDERENA - Instituto Nacional de Recursos Naturales Renovables y del Ambiente,No Aplica,Preocupación Menor (LC),No aplica,No,,Indefinida,,Otro,<2500
Amazona ochrocephala,Cosmopolita,Nacional,0787 de 1977,INDERENA - Instituto Nacional de Recursos Naturales Renovables y del Ambiente,Apéndice II,Preocupación Menor (LC),No aplica,No,,Indefinida,Mascotas,Frugívoro,<850
Ameiva praesignis,Cosmopolita,Nacional,0787 de 1977,INDERENA - Instituto Nacional de Recursos Naturales Renovables y del Ambiente,No Aplica,Preocupación Menor (LC),No aplica,No,,Indefinida,,Omnívoro,<700
Andinoacara latifrons,Restringida,,,,No Aplica,Preocupación Menor (LC),No aplica,Sí,Estacional,,Otro,Insectivoro,<200
Anhinga anhinga,Cosmopolita,Nacional,0787 de 1977,INDERENA - Instituto Nacional de Recursos Naturales Renovables y del Ambiente,No Aplica,Preocupación Menor (LC),No aplica,No,No Aplica,Indefinida,Subsistencia,Carnívoro,<900
Anolis auratus,,Nacional,0787 de 1977,INDERENA - Instituto Nacional de Recursos Naturales Renovables y del Ambiente,No Aplica,No Evaluado (NE),No aplica,No,,Indefinida,,Insectivoro,
Anolis tropidogaster,,Nacional,0787 de 1977,INDERENA - Instituto Nacional de Recursos Naturales Renovables y del Ambiente,No Aplica,No Evaluado (NE),No aplica,No,,Indefinida,,Insectivoro,
Anthracothorax nigricollis,Cosmopolita,Nacional,0787 de 1977,INDERENA - Instituto Nacional de Recursos Naturales Renovables y del Ambiente,No Aplica,Preocupación Menor (LC),No aplica,No,No Aplica,Indefinida,,Otro,<1000
Aotus griseimembra,Restringida,Nacional,0787 de 1977,INDERENA - Instituto Nacional de Recursos Naturales Renovables y del Ambiente,Apéndice II,Vulnerable (VU),Vulnerable (VU),No,No Aplica,Indefinida,Mascotas,Insectivoro,<1000
Aramides cajaneus,Cosmopolita,Nacional,0787 de 1977,INDERENA - Instituto Nacional de Recursos Naturales Renovables y del Ambiente,No Aplica,No Evaluado (NE),No aplica,No,,Indefinida,,Omnivoro,<2000
Ardea alba,Cosmopolita,Nacional,0787 de 1977,INDERENA - Instituto Nacional de Recursos Naturales Renovables y del Ambiente,No Aplica,Preocupación Menor (LC),No aplica,Sí,Latitudinal,Indefinida,,Carnivoro,<1500
Ardea cocoi,Cosmopolita,Nacional,0787 de 1977,INDERENA - Instituto Nacional de Recursos Naturales Renovables y del Ambiente,No Aplica,Preocupación Menor (LC),No aplica,No,,Indefinida,,Carnivoro,<1500
Ardea herodias,Cosmopolita,Nacional,0787 de 1977,INDERENA - Instituto Nacional de Recursos Naturales Renovables y del Ambiente,No Aplica,Preocupación Menor (LC),No aplica,Sí,Latitudinal,Indefinida,,Carnivoro,<1500
Arundinicola leucocephala,Cosmopolita,Nacional,0787 de 1977,INDERENA - Instituto Nacional de Recursos Naturales Renovables y del Ambiente,No Aplica,Preocupación Menor (LC),No aplica,No,No Aplica,Indefinida,,Insectivoro,<500
Basiliscus basiliscus,Cosmopolita,Nacional,0787 de 1977,INDERENA - Instituto Nacional de Recursos Naturales Renovables y del Ambiente,No Aplica,Preocupación Menor (LC),No aplica,No,,Indefinida,,Insectivoro,<1600
Boa constrictor,Cosmopolita,Nacional,0787 de 1977,INDERENA - Instituto Nacional de Recursos Naturales Renovables y del Ambiente,Apéndice II,No Evaluado (NE),No aplica,No,,Indefinida,,Carnivoro,<1000
Botrhops asper,Cosmopolita,Nacional,0787 de 1977,INDERENA - Instituto Nacional de Recursos Naturales Renovables y del Ambiente,No Aplica,,No aplica,No,,Indefinida,,Carnivoro,<1585
Bradypus variegatus,Cosmopolita,Nacional,0787 de 1977,INDERENA - Instituto Nacional de Recursos Naturales Renovables y del Ambiente,Apéndice II,Preocupación Menor (LC),No aplica,No,No Aplica,Indefinida,Mascotas,Herbívoro,<2400
Brotogeris jugularis,Cosmopolita,Nacional,0787 de 1977,INDERENA - Instituto Nacional de Recursos Naturales Renovables y del Ambiente,Apéndice II,Preocupación Menor (LC),No aplica,No,,Indefinida,Mascotas,Frugívoro,<1400
Bubulcus ibis,Cosmopolita,Nacional,0787 de 1977,INDERENA - Instituto Nacional de Recursos Naturales Renovables y del Ambiente,No Aplica,Preocupación Menor (LC),No aplica,Sí,Latitudinal,Indefinida,,Insectivoro,<4080
Busarellus nigricollis,Cosmopolita,Nacional,0787 de 1977,INDERENA - Instituto Nacional de Recursos Naturales Renovables y del Ambiente,No Aplica,Preocupación Menor (LC),No aplica,No,,Indefinida,,Carnivoro,<1500
Buteo nitidus,Cosmopolita,Nacional,0787 de 1977,INDERENA - Instituto Nacional de Recursos Naturales Renovables y del Ambiente,No Aplica,Preocupación Menor (LC),No aplica,No,,Indefinida,,Carnivoro,<800
Buteogallus meridionalis,Cosmopolita,Nacional,0787 de 1977,INDERENA - Instituto Nacional de Recursos Naturales Renovables y del Ambiente,No Aplica,Preocupación Menor (LC),No aplica,No,,Indefinida,,Carnivoro,<1400
Butorides striata,Cosmopolita,Nacional,0787 de 1977,INDERENA - Instituto Nacional de Recursos Naturales Renovables y del Ambiente,No Aplica,Preocupación Menor (LC),No aplica,No,,Indefinida,,Carnivoro,<2600
Cabassous centralis,Cosmopolita,Nacional,,INDERENA - Instituto Nacional de Recursos Naturales Renovables y del Ambiente,No Aplica,Datos insuficientes (DD),No aplica,No,No Aplica,Indefinida,Subsistencia,Insectívoro,3000
Cacicus cela,Cosmopolita,Nacional,0787 de 1977,INDERENA - Instituto Nacional de Recursos Naturales Renovables y del Ambiente,No Aplica,Preocupación Menor (LC),No aplica,No,No Aplica,Indefinida,Mascotas,Omnívoro,<500
Caiman crocodilus,Cosmopolita,Nacional,0787 de 1977,INDERENA - Instituto Nacional de Recursos Naturales Renovables y del Ambiente,Apéndice II,Preocupación Menor (LC),No aplica,No,,Indefinida,,Carnivoro,<500
Callichthys fabricioi,Restringida,,,,No Aplica,Vulnerable (VU),Vulnerable (VU),Sí,Estacional,,Otro,Otro,<600
Camptostoma obsoletum,Cosmopolita,Nacional,0787 de 1977,INDERENA - Instituto Nacional de Recursos Naturales Renovables y del Ambiente,No Aplica,Preocupación Menor (LC),No aplica,No,No Aplica,Indefinida,,Insectívoro,<2800
Campylorhynchus griseus,Cosmopolita,Nacional,0787 de 1977,INDERENA - Instituto Nacional de Recursos Naturales Renovables y del Ambiente,No Aplica,Preocupación Menor (LC),No aplica,No,,Indefinida,,Insectivoro,<2100
Campylorhynchus nuchalis,Cosmopolita,Nacional,0787 de 1977,INDERENA - Instituto Nacional de Recursos Naturales Renovables y del Ambiente,No Aplica,Preocupación Menor (LC),No palica,No,,Indefinida,,Insectivoro,<800
Cantorchilus leucotis,Cosmopolita,Nacional,0787 de 1977,INDERENA - Instituto Nacional de Recursos Naturales Renovables y del Ambiente,No Aplica,Preocupación Menor (LC),No aplica,No,No Aplica,Indefinida,,Insectívoro,<950
Caquetaia kraussii,Restringida,,,,No Aplica,,No aplica,Sí,Estacional,,Otro,Insectivoro,<200
Caracara cheriway,Cosmopolita,Nacional,0787 de 1977,INDERENA - Instituto Nacional de Recursos Naturales Renovables y del Ambiente,Apéndice II,Preocupación Menor (LC),No aplica,No,No Aplica,Indefinida,,Carnívoro,2000
Caracara plancus,Cosmopolita,Nacional,0787 de 1977,INDERENA - Instituto Nacional de Recursos Naturales Renovables y del Ambiente,Apéndice II,Preocupación Menor (LC),No aplica,No,,Indefinida,,Omnivoro,<2600
Cathartes aura,Cosmopolita,Nacional,0787 de 1977,INDERENA - Instituto Nacional de Recursos Naturales Renovables y del Ambiente,No Aplica,Preocupación Menor (LC),No aplica,Sí,Latitudinal,Indefinida,,Carnivoro,<4300
Cathartes burrovianus,Cosmopolita,Nacional,0787 de 1977,INDERENA - Instituto Nacional de Recursos Naturales Renovables y del Ambiente,No Aplica,Preocupación Menor (LC),No aplica,No,,Indefinida,,Otro,<1000
Cebus albifrons,Cosmopolita,Nacional,0787 de 1977,INDERENA - Instituto Nacional de Recursos Naturales Renovables y del Ambiente,No Aplica,Preocupación Menor (LC),No aplica,No,,Indefinida,Mascotas,Omnivoro,<2000
Cerdocyon thous,Cosmopilita,Nacional,0787 de 1977,INDERENA - Instituto Nacional de Recursos Naturales Renovables y del Ambiente,Apéndice II,Preocupación Menor (LC),No aplica,No,,Indefinida,,Carnívoro,<3000
Certhiaxis cinnamomeus,Cosmopolita,Nacional,0787 de 1977,INDERENA - Instituto Nacional de Recursos Naturales Renovables y del Ambiente,No Aplica,Preocupación Menor (LC),No aplica,No,,Indefinida,,Insectivoro,<1000
Charadrius collaris,Cosmopolita,Nacional,0787 de 1977,INDERENA - Instituto Nacional de Recursos Naturales Renovables y del Ambiente,No Aplica,Preocupación Menor (LC),No aplica,No,,Indefinida,,Omnivoro,<800
Chauna chavaria,Restringida,Nacional,0787 de 1977,INDERENA - Instituto Nacional de Recursos Naturales Renovables y del Ambiente,No Aplica,Casi Amenazada (NT),Vulnerable (VU),Sí,Longitudinal,Indefinida,Mascotas,Herbívoro,<1200
Chironius carinatus,Cosmopolita,Nacional,0787 de 1977,INDERENA - Instituto Nacional de Recursos Naturales Renovables y del Ambiente,No Aplica,No Aplica,No aplica,No,No Aplica,Indefinida,,Carnívoro,<1600
Chloroceryle aenea,Cosmopolita,Nacional,0787 de 1977,INDERENA - Instituto Nacional de Recursos Naturales Renovables y del Ambiente,No Aplica,Preocupación Menor (LC),No aplica,No,,Indefinida,,Carnivoro,<2600
Chloroceryle amazona,Cosmopolita,Nacional,0787 de 1977,INDERENA - Instituto Nacional de Recursos Naturales Renovables y del Ambiente,No Aplica,Preocupación Menor (LC),No aplica,No,,Indefinida,,Carnivoro,<2500
Chloroceryle americana,Cosmopolita,Nacional,0787 de 1977,INDERENA - Instituto Nacional de Recursos Naturales Renovables y del Ambiente,No Aplica,Preocupación Menor (LC),No aplica,No,,Indefinida,,Carnivoro,<2800
Chloroceryle inda,Cosmopolita,Nacional,0787 de 1977,INDERENA - Instituto Nacional de Recursos Naturales Renovables y del Ambiente,No Aplica,Preocupación Menor (LC),No aplica,No,No Aplica,Indefinida,,Carnívoro,<400
Chrysomus icterocephalus,Cosmopolita,Nacional,0787 de 1977,INDERENA - Instituto Nacional de Recursos Naturales Renovables y del Ambiente,No Aplica,Preocupación Menor (LC),No aplica,No,,Indefinida,,Omnivoro,<2600
Cnemidophorus gaigei,Cosmopolita,Nacional,0787 de 1977,INDERENA - Instituto Nacional de Recursos Naturales Renovables y del Ambiente,No Aplica,No Evaluado (NE),No aplica,No,,Indefinida,,Insectivoro,<1600
Coccycua pumila,Cosmopolita,Nacional,0787 de 1977,INDERENA - Instituto Nacional de Recursos Naturales Renovables y del Ambiente,No Aplica,Preocupación Menor (LC),No aplica,No,,Indefinida,,Insectivoro,<1000
Cochlearius cochlearius,Cosmopolita,Nacional,0787 de 1977,INDERENA - Instituto Nacional de Recursos Naturales Renovables y del Ambiente,No Aplica,Preocupación Menor (LC),No aplica,No,,Indefinida,,Carnivoro,<800
Coereba flaveola,Cosmopolita,Nacional,0787 de 1977,INDERENA - Instituto Nacional de Recursos Naturales Renovables y del Ambiente,No Aplica,Preocupación Menor (LC),No aplica,No,No Aplica,Indefinida,,Otro,<1500
Colaptes punctigula,Cosmopolita,Nacional,0787 de 1977,INDERENA - Instituto Nacional de Recursos Naturales Renovables y del Ambiente,No Aplica,Preocupación Menor (LC),No aplica,No,,Indefinida,,Insectivoro,<1600
Colinus cristatus,Cosmopolita,Nacional,0787 de 1977,INDERENA - Instituto Nacional de Recursos Naturales Renovables y del Ambiente,No Aplica,Preocupación Menor (LC),No aplica,No,No Aplica,Indefinida,Subsistencia,Omnívoro,<3200
Columbina squammata,Cosmopolita,Nacional,0787 de 1977,INDERENA - Instituto Nacional de Recursos Naturales Renovables y del Ambiente,No Aplica,Preocupación Menor (LC),No aplica,No,,Indefinida,,Omnivoro,<500
Columbina talpacoti,Cosmopolita,Nacional,0787 de 1977,INDERENA - Instituto Nacional de Recursos Naturales Renovables y del Ambiente,No Aplica,Preocupación Menor (LC),No aplica,No,,Indefinida,,Omnivoro,<1600
Coragyps atratus,Cosmopolita,Nacional,0787 de 1977,INDERENA - Instituto Nacional de Recursos Naturales Renovables y del Ambiente,No Aplica,Preocupación Menor (LC),No aplica,No,,Indefinida,Otro,Omnivoro,<2800
Craugastor raniformis,Cosmopolita,Nacional,0787 de 1977,INDERENA - Instituto Nacional de Recursos Naturales Renovables y del Ambiente,No Aplica,Preocupación Menor (LC),No aplica,No,No Aplica,Indefinida,,Insectívoro,<1500
Crocodylus acutus,Cosmopolita,Nacional,0787 de 1977,INDERENA - Instituto Nacional de Recursos Naturales Renovables y del Ambiente,Apéndice I,Vulnerable (VU),Peligro (EN),No,No Aplica,Indefinida,Uso Cultural,Carnívoro,<1200
Crotophaga ani,Cosmopolita,Nacional,0787 de 1977,INDERENA - Instituto Nacional de Recursos Naturales Renovables y del Ambiente,No Aplica,Preocupación Menor (LC),No aplica,No,,Indefinida,,Insectivoro,<2300
Crotophaga major,Cosmopolita,Nacional,0787 de 1977,INDERENA - Instituto Nacional de Recursos Naturales Renovables y del Ambiente,No Aplica,Preocupación Menor (LC),No aplica,No,,Indefinida,,Insectivoro,<800
Crypturellus soui,Cosmopolita,Nacional,0787 de 1977,INDERENA - Instituto Nacional de Recursos Naturales Renovables y del Ambiente,No Aplica,Preocupación Menor (LC),No aplica,No,No Aplica,Indefinida,,Insectívoro,<2000
Ctenolucius hujeta,Cosmopolita,,,,No Aplica,,No aplica,Sí,Estacional,,Otro,Carnivoro,<500
Cyanocorax affinis,Cosmopolita,Nacional,0787 de 1977,INDERENA - Instituto Nacional de Recursos Naturales Renovables y del Ambiente,No Aplica,Preocupación Menor (LC),No aplica,No,No Aplica,Indefinida,Mascotas,Insectívoro,<2200
Dasyprocta punctata,Cosmopolita,Nacional,0787 de 1977,INDERENA - Instituto Nacional de Recursos Naturales Renovables y del Ambiente,Apéndice III,Preocupación Menor (LC),No aplica,No,No Aplica,Indefinida,,Herbívoro,<2400
Dasypus novemcinctus,Cosmopolita,,0787 de 1977,INDERENA - Instituto Nacional de Recursos Naturales Renovables y del Ambiente,No Aplica,Preocupación Menor (LC),No aplica,No,No Aplica,Indefinida,Subsistencia,Insectívoro,<2000
Dendrobates truncatus,Restringida,Nacional,0787 de 1977,INDERENA - Instituto Nacional de Recursos Naturales Renovables y del Ambiente,Apéndice III,Preocupación Menor (LC),No aplica,No,No Aplica,Indefinida,Mascotas,Insectívoro,<1200
Dendrocolaptes picumnus,Cosmopolita,Nacional,0787 de 1977,INDERENA - Instituto Nacional de Recursos Naturales Renovables y del Ambiente,No Aplica,Preocupación Menor (LC),No aplica,No,,Indefinida,,Insectivoro,<3000
Dendrocygna autumnalis,Cosmopolita,Nacional,0787 de 1977,INDERENA - Instituto Nacional de Recursos Naturales Renovables y del Ambiente,Apéndice III,Preocupación Menor (LC),No aplica,Sí,Latitudinal,Indefinida,,Omnivoro,<1500
Dendrocygna viduata,Cosmopolita,Nacional,0787 de 1977,INDERENA - Instituto Nacional de Recursos Naturales Renovables y del Ambiente,No Aplica,Preocupación Menor (LC),No aplica,No,,Indefinida,Subsistencia,Omnivoro,<1000
Dendropsophus microcephalus,Cosmopolita,Nacional,0787 de 1977,INDERENA - Instituto Nacional de Recursos Naturales Renovables y del Ambiente,No Aplica,Preocupación Menor (LC),No aplica,No,No Aplica,Indefinida,,Insectívoro,<1300
Didelphis marsupialis,Cosmopolita,Nacional,0787 de 1977,INDERENA - Instituto Nacional de Recursos Naturales Renovables y del Ambiente,No Aplica,Preocupación Menor (LC),No aplica,No,,Indefinida,,Omnivoro,<2232
Donacobius atricapilla,Cosmopolita,Nacional,0787 de 1977,INDERENA - Instituto Nacional de Recursos Naturales Renovables y del Ambiente,No Aplica,Preocupación Menor (LC),No aplica,No,No Aplica,Indefinida,,Insectívoro,<600
Drymarchon melanurus,Cosmopolita,Nacional,0787 de 1977,INDERENA - Instituto Nacional de Recursos Naturales Renovables y del Ambiente,No Aplica,Preocupación Menor (LC),No aplica,No,,Indefinida,,Carnivoro,<1900
Egretta caerulea,Cosmopolita,Nacional,0787 de 1977,INDERENA - Instituto Nacional de Recursos Naturales Renovables y del Ambiente,No Aplica,Preocupación Menor (LC),No aplica,Sí,Latitudinal,Indefinida,,Carnivoro,<3750
Egretta thula,Cosmopolita,Nacional,0787 de 1977,INDERENA - Instituto Nacional de Recursos Naturales Renovables y del Ambiente,No Aplica,Preocupación Menor (LC),No aplica,Sí,Latitudinal,Indefinida,,Carnivoro,<4000
Elachistocleis ovalis,Cosmopolita,Nacional,0787 de 1977,INDERENA - Instituto Nacional de Recursos Naturales Renovables y del Ambiente,No Aplica,Preocupación Menor (LC),No aplica,No,,Indefinida,,Insectivoro,<500
Elachistocleis panamensis,Cosmopolita,Nacional,0787 de 1977,INDERENA - Instituto Nacional de Recursos Naturales Renovables y del Ambiente,No Aplica,Preocupación Menor (LC),No aplica,No,,Indefinida,,Insectivoro,<500
Elaenia chiriquensis,Cosmopolita,Nacional,0787 de 1977,INDERENA - Instituto Nacional de Recursos Naturales Renovables y del Ambiente,No Aplica,Preocupación Menor (LC),No aplica,Sí,Cíclica,Indefinida,,Otro,<2000
Elaenia flavogaster,Cosmopolita,Nacional,0787 de 1977,INDERENA - Instituto Nacional de Recursos Naturales Renovables y del Ambiente,No Aplica,Preocupación Menor (LC),No aplica,No,,Indefinida,,Omnivoro,<2500
Engystomops pustulosus,Cosmopolita,Nacional,0787 de 1977,INDERENA - Instituto Nacional de Recursos Naturales Renovables y del Ambiente,No Aplica,Preocupación Menor (LC),No aplica,No,,Indefinida,,Insectivoro,<1200
Epicrates maurus,Cosmopolita,Nacional,0787 de 1977,INDERENA - Instituto Nacional de Recursos Naturales Renovables y del Ambiente,Apéndice II,Preocupación Menor (LC),No aplica,No,,Indefinida,Mascotas,Carnivoro,<1200
Erythrolamprus melanotus,,Nacional,0787 de 1977,INDERENA - Instituto Nacional de Recursos Naturales Renovables y del Ambiente,No Aplica,Preocupación Menor (LC),No aplica,No,,Indefinida,,Insectivoro,<1500
Euphonia laniirostris,Cosmopolita,Nacional,0787 de 1977,INDERENA - Instituto Nacional de Recursos Naturales Renovables y del Ambiente,No Aplica,Preocupación Menor (LC),No aplica,No,,Indefinida,Mascotas,Frugívoro,<2200
Eupsittula pertinax,Cosmopolita,Nacional,0787 de 1977,INDERENA - Instituto Nacional de Recursos Naturales Renovables y del Ambiente,Apéndice II,Preocupación Menor (LC),No aplica,No,,Indefinida,Mascotas,Frugívoro,<1200
Falco sparverius,Cosmopolita,Nacional,0787 de 1977,INDERENA - Instituto Nacional de Recursos Naturales Renovables y del Ambiente,No Aplica,Preocupación Menor (LC),No aplica,No,,Indefinida,,Carnivoro,<4300
Fluvicola pica,Cosmopolita,Nacional,0787 de 1977,INDERENA - Instituto Nacional de Recursos Naturales Renovables y del Ambiente,No Aplica,Preocupación Menor (LC),No aplica,No,,Indefinida,,Insectivoro,<1000
Forpus conspicillatus,Cosmopolita,Nacional,0787 de 1977,INDERENA - Instituto Nacional de Recursos Naturales Renovables y del Ambiente,Apéndice II,Preocupación Menor (LC),No aplica,No,,Indefinida,Mascotas,Frugívoro,<1800
Furnarius leucopus,Restringida,Nacional,0787 de 1977,INDERENA - Instituto Nacional de Recursos Naturales Renovables y del Ambiente,No Aplica,Preocupación Menor (LC),No aplica,No,,Indefinida,,Insectivoro,<2700
Galbula ruficauda,Cosmopolita,Nacional,0787 de 1977,INDERENA - Instituto Nacional de Recursos Naturales Renovables y del Ambiente,No Aplica,Preocupación Menor (LC),No aplica,No,No Aplica,Indefinida,,Insectívoro,<900
Geranospiza caerulescens,Cosmopolita,Nacional,0787 de 1977,INDERENA - Instituto Nacional de Recursos Naturales Renovables y del Ambiente,No Aplica,Preocupación Menor (LC),No aplica,No,,Indefinida,,Carnivoro,<800
Glaucis hirsutus,Cosmopolita,Nacional,0787 de 1977,INDERENA - Instituto Nacional de Recursos Naturales Renovables y del Ambiente,No Alpica,Preocupación Menor (LC),No aplica,No,,Indefinida,,Nectarívoro,<1100
Gonatodes albogularis,Restringida,Nacional,0787 de 1977,INDERENA - Instituto Nacional de Recursos Naturales Renovables y del Ambiente,No Aplica,Preocupación Menor (LC),No aplica,No,,Indefinida,,Insectivoro,<1600
Helicops danieli,Restringida,Nacional,0787 de 1977,INDERENA - Instituto Nacional de Recursos Naturales Renovables y del Ambiente,No Aplica,Preocupación Menor (LC),No aplica,No,,Indefinida,,Carnivoro,<500
Herpailurus yagouaroundi,Cosmopolita,Nacional,0787 de 1977,INDERENA - Instituto Nacional de Recursos Naturales Renovables y del Ambiente,Apéndice II,Preocupación Menor (LC),No aplica,No,,Indefinida,,Carnivoro,<3200
Herpetotheres cachinnans,Cosmopolita,Nacional,0787 de 1977,INDERENA - Instituto Nacional de Recursos Naturales Renovables y del Ambiente,No Aplica,Preocupación Menor (LC),No aplica,No,No Aplica,Indefinida,,Carnívoro,<1500
Herpetotheres cahinnans,Cosmopolita,Nacional,0787 de 1977,INDERENA - Instituto Nacional de Recursos Naturales Renovables y del Ambiente,No Aplica,Preocupación Menor (LC),No aplica,No,No Aplica,Indefinida,,Carnívoro,<1500
Hirundo rustica,Cosmopolita,Nacional,0787 de 1977,INDERENA - Instituto Nacional de Recursos Naturales Renovables y del Ambiente,No Aplica,Preocupación Menor (LC),No aplica,Sí,Latitudinal,Indefinida,,Insectivoro,<3000
Holcosus festivus,Cosmopolita,Nacional,0787 de 1977,INDERENA - Instituto Nacional de Recursos Naturales Renovables y del Ambiente,No Aplica,Preocupación Menor (LC),No aplica,No,No Aplica,Indefinida,,Omnívoro,<1435
Hoplias malabaricus,Cosmopolita,,,,No Aplica,,No aplica,Sí,Estacional,,Subsistencia,Carnivoro,<600
Hydrochoerus hydrochaeris,Cosmopolita,Nacional,0787 de 1977,INDERENA - Instituto Nacional de Recursos Naturales Renovables y del Ambiente,No Aplica,Preocupación Menor (LC),No aplica,No,No Aplica,Indefinida,Subsistencia,Herbívoro,<500
Hylatomus lineatus,Cosmopolita,Nacional,0787 de 1977,INDERENA - Instituto Nacional de Recursos Naturales Renovables y del Ambiente,No Aplica,Preocupación Menor (LC),No aplica,No,,Indefinida,,Insectivoro,<2100
Hylophilus flavipes,Cosmopolita,Nacional,0787 de 1977,INDERENA - Instituto Nacional de Recursos Naturales Renovables y del Ambiente,No Aplica,Preocupación Menor (LC),No aplica,No,,Indefinida,,Insectivoro,<1200
Hypnelus ruficollis,Cosmopolita,Nacional,0787 de 1977,INDERENA - Instituto Nacional de Recursos Naturales Renovables y del Ambiente,No Aplica,Preocupación Menor (LC),No aplica,No,,Indefinida,,Omnívoro,<1200
Hypsiboas crepitans,Cosmopolita,Nacional,0787 de 1977,INDERENA - Instituto Nacional de Recursos Naturales Renovables y del Ambiente,No Aplica,Preocupación Menor (LC),No aplica,No,,Indefinida,,Insectivoro,<2300
Hypsiboas pugnax,Cosmopolita,Nacional,0787 de 1977,INDERENA - Instituto Nacional de Recursos Naturales Renovables y del Ambiente,No Aplica,Preocupación Menor (LC),No aplica,No,,Indefinida,,Insectivoro,<1500
Icterus nigrogularis,Cosmopolita,Nacional,0787 de 1977,INDERENA - Instituto Nacional de Recursos Naturales Renovables y del Ambiente,No Aplica,Preocupación Menor (LC),No aplica,No,,Indefinida,Mascotas,Insectivoro,<3000
Iguana Iguana,Cosmopolita,Nacional,0787 de 1977,INDERENA - Instituto Nacional de Recursos Naturales Renovables y del Ambiente,Apéndice II,Preocupación Menor (LC),No aplica,No,,Indefinida,Subsistencia,Herbívoro,<1200
Jabiru mycteria,Cosmopolita,Nacional,0787 de 1977,INDERENA - Instituto Nacional de Recursos Naturales Renovables y del Ambiente,Apéndice I,Preocupación Menor (LC),No aplica,Sí,Estacional,Indefinida,,Carnivoro,<700
Jacana jacana,Cosmopolita,Nacional,0787 de 1977,INDERENA - Instituto Nacional de Recursos Naturales Renovables y del Ambiente,No Aplica,Preocupación Menor (LC),No aplica,No,,Indefinida,,Omnivoro,<1000
Kinosternon scorpioides,Cosmopolita,Nacional,0787 de 1977,INDERENA - Instituto Nacional de Recursos Naturales Renovables y del Ambiente,No Aplica,No Aplica,Vulnerable (VU),No,No Aplica,Indefinida,Mascotas,Omnivoro,<1000
Laterallus albigularis,Cosmopolita,Nacional,0787 de 1977,INDERENA - Instituto Nacional de Recursos Naturales Renovables y del Ambiente,No Aplica,Preocupación Menor (LC),No aplica,No,No Aplica,Indefinida,,Omnívoro,<1600
Leistes militaris,Cosmopolita,Nacional,0787 de 1977,INDERENA - Instituto Nacional de Recursos Naturales Renovables y del Ambiente,No Aplica,Preocupación Menor (LC),No aplica,No,No Aplica,Indefinida,Mascotas,Omnívoro,<1740
Leposoma rugiceps,Cosmopolita,Nacional,0787 de 1977,INDERENA - Instituto Nacional de Recursos Naturales Renovables y del Ambiente,No Aplica,Preocupación Menor (LC),No aplica,No,,Indefinida,,Insectivoro,<500
Leptodactylus bolivianus,Cosmopolita,Nacional,0787 de 1977,INDERENA - Instituto Nacional de Recursos Naturales Renovables y del Ambiente,No Aplica,Preocupación Menor (LC),No aplica,No,,Indefinida,,Insectivoro,<1400
Leptodactylus fragilis,Cosmopolita,Nacional,0787 de 1977,INDERENA - Instituto Nacional de Recursos Naturales Renovables y del Ambiente,No Aplica,Preocupación Menor (LC),No aplica,No,,Indefinida,,Insectivoro,<800
Leptodactylus fuscus,Cosmopolita,Nacional,0787 de 1977,INDERENA - Instituto Nacional de Recursos Naturales Renovables y del Ambiente,No Aplica,Preocupación Menor (LC),No aplica,No,,Indefinida,,Insectivoro,<500
Leptodactylus savagei,Cosmopolita,Nacional,0787 de 1977,INDERENA - Instituto Nacional de Recursos Naturales Renovables y del Ambiente,No Aplica,Preocupación Menor (LC),No aplica,No,,Indefinida,,Insectívoro,<660
Leptophis ahaetulla,Cosmopolita,Nacional,0787 de 1977,INDERENA - Instituto Nacional de Recursos Naturales Renovables y del Ambiente,No Aplica,Preocupación Menor (LC),No aplica,No,No Aplica,Indefinida,,Carnívoro,<2000
Leptotila verreauxi,Cosmopolita,Nacional,0787 de 1977,INDERENA - Instituto Nacional de Recursos Naturales Renovables y del Ambiente,No Aplica,Preocupación Menor (LC),No aplica,No,,Indefinida,,Insectivoro,<2800
Lontra longicaudis,Cosmopolita,Nacional,0787 de 1977,INDERENA - Instituto Nacional de Recursos Naturales Renovables y del Ambiente,Apéndice I,Casi Amenazada (NT),Vulnerable (VU),No,No Aplica,Indefinida,Mascotas,Carnivoro,<4000
Lygophis lineatus,Cosmopolita,Nacional,0787 de 1977,INDERENA - Instituto Nacional de Recursos Naturales Renovables y del Ambiente,No Aplica,No Evaluado (NE),No aplica,No,,Indefinida,,Insectivoro,<1500
Machetornis rixosa,Cosmopolita,Nacional,0787 de 1977,INDERENA - Instituto Nacional de Recursos Naturales Renovables y del Ambiente,No Aplica,Preocupación Menor (LC),No aplica,No,,Indefinida,,Insectivoro,<900
Manacus manacus,Cosmopolita,Nacional,0787 de 1977,INDERENA - Instituto Nacional de Recursos Naturales Renovables y del Ambiente,No Aplica,Preocupación Menor (LC),No Evaluado (NE),No,No Aplica,Indefinida,,Frugívoro,1000
Marmosa robinsoni,Cosmopolita,Nacional,0787 de 1977,INDERENA - Instituto Nacional de Recursos Naturales Renovables y del Ambiente,No Aplica,Preocupación Menor (LC),No aplica,No,No Aplica,Indefinida,,Omnívoro,<2600
Megaceryle torquata,Cosmopolita,Nacional,0787 de 1977,INDERENA - Instituto Nacional de Recursos Naturales Renovables y del Ambiente,No Aplica,Preocupación Menor (LC),No aplica,No,,Indefinida,,Carnivoro,<1500
Melanerpes rubricapillus,Cosmopolita,Nacional,0787 de 1977,INDERENA - Instituto Nacional de Recursos Naturales Renovables y del Ambiente,No Aplica,Preocupación Menor (LC),No aplica,No,,Indefinida,,Insectivoro,<1900
Melanomys sp,,Nacional,0787 de 1977,INDERENA - Instituto Nacional de Recursos Naturales Renovables y del Ambiente,No Aplica,Preocupación Menor (LC),,,,Indefinida,,Otro,<1200
Mesembrinibis cayennensis,Cosmopolita,Nacional,0787 de 1977,INDERENA - Instituto Nacional de Recursos Naturales Renovables y del Ambiente,No Aplica,Preocupación Menor (LC),No aplica,No,,Indefinida,,Insectivoro,<500
Milvago chimachima,Cosmopolita,Nacional,0787 de 1977,INDERENA - Instituto Nacional de Recursos Naturales Renovables y del Ambiente,Apéndice II,Preocupación Menor (LC),No aplica,No,,Indefinida,,Insectivoro,<1200
Mimus gilvus,Cosmopolita,Nacional,0787 de 1977,INDERENA - Instituto Nacional de Recursos Naturales Renovables y del Ambiente,No Aplica,Preocupación Menor (LC),No aplica,No,No Aplica,Indefinida,Mascotas,Insectívoro,<2500
Mionectes oleagineus,Cosmopolita,Nacional,0787 de 1977,INDERENA - Instituto Nacional de Recursos Naturales Renovables y del Ambiente,No Aplica,Preocupación Menor (LC),No aplica,No,,Indefinida,,Frugívoro,<1800
Molossus molossus,Cosmopolita,Nacional,0787 de 1977,INDERENA - Instituto Nacional de Recursos Naturales Renovables y del Ambiente,No Aplica,Preocupación Menor (LC),No aplica,No,,Indefinida,,Insectivoro,<1660
Myiodynastes maculatus,Cosmopolita,Nacional,0787 de 1977,INDERENA - Instituto Nacional de Recursos Naturales Renovables y del Ambiente,No Aplica,Preocupación Menor (LC),Preocupación Menor (LC),Sí,Estacional,Indefinida,,Omnívoro,<3000
Myiozetetes cayanensis,Cosmopolita,Nacional,0787 de 1977,INDERENA - Instituto Nacional de Recursos Naturales Renovables y del Ambiente,No Aplica,Preocupación Menor (LC),No aplica,No,,Indefinida,,Insectivoro,<2000
Nannopterum brasilianus,Cosmopolita,,0787 de 1977,INDERENA - Instituto Nacional de Recursos Naturales Renovables y del Ambiente,No Aplica,Preocupación Menor (LC),No aplica,Sí,Estacional,Indefinida,Subsistencia,Carnívoro,<5000
Notharchus tectus,Cosmopolita,Nacional,0787 de 1977,INDERENA - Instituto Nacional de Recursos Naturales Renovables y del Ambiente,No Aplica,Preocupación Menor (LC),No aplica,No,No Aplica,Indefinida,,Insectívoro,1000
Nyctidromus albicollis,Cosmopolita,Nacional,0787 de 1977,INDERENA - Instituto Nacional de Recursos Naturales Renovables y del Ambiente,No Aplica,Preocupación Menor (LC),No aplica,No,,Indefinida,,Insectivoro,<2300
Ortalis columbiana,Restringida,Nacional,0787 de 1977,INDERENA - Instituto Nacional de Recursos Naturales Renovables y del Ambiente,No Aplica,Preocupación Menor (LC),No aplica,No,,Indefinida,Mascotas,Frugívoro,<2500
Pandion haliaetus,Cosmopolita,Nacional,0787 de 1977,INDERENA - Instituto Nacional de Recursos Naturales Renovables y del Ambiente,No Aplica,Preocupación Menor (LC),No aplica,Sí,Latitudinal,Indefinida,,Carnívoro,<1000
Panthera onca,Cosmopolita,,0787 de 1977,INDERENA - Instituto Nacional de Recursos Naturales Renovables y del Ambiente,Apéndice I,Casi Amenazada (NT),Vulnerable (VU),No,No Aplica,Indefinida,,Carnívoro,<3000
Parkesia noveboracensis,Cosmopolita,Nacional,0787 de 1977,INDERENA - Instituto Nacional de Recursos Naturales Renovables y del Ambiente,No Aplica,Preocupación Menor (LC),No aplica,Sí,Latitudinal,Indefinida,,Insectivoro,<2000
Patagioenas cayennensis,Cosmopolita,Nacional,0787 de 1977,INDERENA - Instituto Nacional de Recursos Naturales Renovables y del Ambiente,No Aplica,Preocupación Menor (LC),No aplica,Sí,Estacional,Indefinida,Subsistencia,Frugívoro,<800
Penelope purpurascens,Cosmopolita,Nacional,0787 de 1977,INDERENA - Instituto Nacional de Recursos Naturales Renovables y del Ambiente,Apéndice III,Preocupación Menor (LC),No aplica,No,,Indefinida,,Frugívoro,<1000
Phaetusa simplex,Cosmopolita,Nacional,0787 de 1977,INDERENA - Instituto Nacional de Recursos Naturales Renovables y del Ambiente,No Aplica,Preocupación Menor (LC),No aplica,No,No Aplica,Indefinida,,Carnívoro,<200
Phalacrocorax olivaceus,Cosmopolita,Nacional,0787 de 1977,INDERENA - Instituto Nacional de Recursos Naturales Renovables y del Ambiente,No Aplica,Preocupación Menor (LC),No aplica,No,,Indefinida,,Carnivoro,<2600
Phimosus infuscatus,Cosmopolita,Nacional,0787 de 1977,INDERENA - Instituto Nacional de Recursos Naturales Renovables y del Ambiente,No Aplica,Preocupación Menor (LC),No aplica,No,,Indefinida,,Omnivoro,<2600
Pilherodius pileatus,Cosmopolita,Nacional,0787 de 1977,INDERENA - Instituto Nacional de Recursos Naturales Renovables y del Ambiente,No Aplica,Preocupación Menor (LC),No aplica,No,,Indefinida,,Carnivoro,<400
Piranga rubra,Cosmopolita,Nacional,0787 de 1977,INDERENA - Instituto Nacional de Recursos Naturales Renovables y del Ambiente,No Aplica,Preocupación Menor (LC),No aplica,Sí,Latitudinal,Indefinida,Mascotas,Frugívoro,<1800
Pitangus sulphuratus,Cosmopolita,Nacional,0787 de 1977,INDERENA - Instituto Nacional de Recursos Naturales Renovables y del Ambiente,No Aplica,Preocupación Menor (LC),No aplica,No,,Indefinida,,Omnivoro,<1500
Platalea ajaja,Cosmopolita,Nacional,0787 de 1977,INDERENA - Instituto Nacional de Recursos Naturales Renovables y del Ambiente,No Aplica,Preocupación Menor (LC),No aplica,No,No Aplica,Indefinida,Otro,Carnívoro,<800
Pleurodema brachyops,Cosmopolita,Nacional,0787 de 1977,INDERENA - Instituto Nacional de Recursos Naturales Renovables y del Ambiente,No Aplica,Preocupación Menor (LC),No aplica,No,No Aplica,Indefinida,,Insectívoro,<500
Podocnemis lewyana,Restringida,Nacional,0787 de 1977,INDERENA - Instituto Nacional de Recursos Naturales Renovables y del Ambiente,Apéndice II,Peligro Crítico (CR),Peligro Crítico (CR),No,,Indefinida,Subsistencia,Herbívoro,<800
Porphyrio martinicus,Cosmopolita,Nacional,0787 de 1977,INDERENA - Instituto Nacional de Recursos Naturales Renovables y del Ambiente,No Aplica,Preocupación Menor (LC),No aplica,Sí,Longitudinal,Indefinida,,Omnivoro,<1200
Prochilodus magdalenae,Cosmopolita,,,,No Aplica,,Vulnerable (VU),Sí,Estacional,,Subsistencia,Otro,<200
Procyon cancrivorus,Cosmopolita,Nacional,0787 de 1977,INDERENA - Instituto Nacional de Recursos Naturales Renovables y del Ambiente,No Aplica,Preocupación Menor (LC),No aplica,No,,Indefinida,,Carnivoro,<2350
Progne tapera,Cosmopolita,Nacional,0787 de 1977,INDERENA - Instituto Nacional de Recursos Naturales Renovables y del Ambiente,No Aplica,Preocupación Menor (LC),No aplica,Sí,Latitudinal,Indefinida,,Insectívoro,<1600
Protonotaria citrea,Cosmopolita,Nacional,0787 de 1977,INDERENA - Instituto Nacional de Recursos Naturales Renovables y del Ambiente,No Aplica,Preocupación Menor (LC),No aplica,Sí,Latitudinal,Indefinida,Mascotas,Frugívoro,<1000
Psarocolius decumanus,Cosmopolita,Nacional,0787 de 1977,INDERENA - Instituto Nacional de Recursos Naturales Renovables y del Ambiente,No Aplica,Preocupación Menor (LC),No aplica,No,No Aplica,Indefinida,Mascotas,Frugívoro,<2600
Pseudopaludicola pusilla,Restringida,Nacional,0787 de 1977,INDERENA - Instituto Nacional de Recursos Naturales Renovables y del Ambiente,No Aplica,Preocupación Menor (LC),No aplica,No,,Indefinida,,Insectivoro,
Pygochelidon cyanoleuca,Cosmopolita,Nacional,0787 de 1977,INDERENA - Instituto Nacional de Recursos Naturales Renovables y del Ambiente,No Aplica,Preocupación Menor (LC),No aplica,Sí,Latitudinal,Indefinida,,Insectívoro,<3600
Pyrocephalus rubinus,Cosmopolita,Nacional,0787 de 1977,INDERENA - Instituto Nacional de Recursos Naturales Renovables y del Ambiente,No Aplica,Preocupación Menor (LC),No aplica,Sí,Latitudinal,Indefinida,,Insectivoro,<1500
Quiscalus lugubris,Cosmopolita,Nacional,0787 de 1977,INDERENA - Instituto Nacional de Recursos Naturales Renovables y del Ambiente,No Aplica,Preocupación Menor (LC),No aplica,No,,Indefinida,,Omnivoro,<1000
Ramphocelus dimidiatus,Cosmopolita,Nacional,0787 de 1977,INDERENA - Instituto Nacional de Recursos Naturales Renovables y del Ambiente,No Aplica,Preocupación Menor (LC),No aplica,No,,Indefinida,Mascotas,Frugívoro,<1700
Reithrodontomys sp,Cosmopolita,Nacional,0787 de 1977,INDERENA - Instituto Nacional de Recursos Naturales Renovables y del Ambiente,,,,No,,Indefinida,,Herbívoro,
Rhinella granulosa,Cosmopolita,Nacional,0787 de 1977,INDERENA - Instituto Nacional de Recursos Naturales Renovables y del Ambiente,No Aplica,Preocupación Menor (LC),No aplica,No,,Indefinida,,Insectivoro,<1000
Rhinoclemmys melanosterna,Cosmopolita,Nacional,0787 de 1977,INDERENA - Instituto Nacional de Recursos Naturales Renovables y del Ambiente,No Aplica,No Evaluado (NE),No aplica,No,,Indefinida,Mascotas,Carnivoro,<500
Riparia riparia,Cosmopolita,Nacional,0787 de 1977,INDERENA - Instituto Nacional de Recursos Naturales Renovables y del Ambiente,No Aplica,Preocupación Menor (LC),No aplica,Sí,Estacional,Indefinida,,Insectivoro,<3000
Rostrhamus sociabilis,Cosmopolita,Nacional,0787 de 1977,INDERENA - Instituto Nacional de Recursos Naturales Renovables y del Ambiente,No Aplica,Preocupación Menor (LC),No aplica,No,,Indefinida,,Carnivoro,<1000
Rupornis magnirostris,Cosmopolita,Nacional,0787 de 1977,INDERENA - Instituto Nacional de Recursos Naturales Renovables y del Ambiente,No Aplica,Preocupación Menor (LC),No aplica,No,,Indefinida,,Carnivoro,<2600
Sakesphorus canadensis,Cosmopolita,Nacional,0787 de 1977,INDERENA - Instituto Nacional de Recursos Naturales Renovables y del Ambiente,No Aplica,Preocupación Menor (LC),No aplica,No,No Aplica,Indefinida,,Insectívoro,<900
Saltator albicollis,Cosmopolita,Nacional,0787 de 1977,INDERENA - Instituto Nacional de Recursos Naturales Renovables y del Ambiente,No Aplica,Preocupación Menor (LC),No aplica,No,,Indefinida,Mascotas,Frugívoro,<2000
Saltator coerulescens,Cosmopolita,Nacional,0787 de 1977,INDERENA - Instituto Nacional de Recursos Naturales Renovables y del Ambiente,No Aplica,Preocupación Menor (LC),No aplica,No,,Indefinida,Mascotas,Frugívoro,<1500
Saltator maximus,Cosmopolita,Nacional,0787 de 1977,INDERENA - Instituto Nacional de Recursos Naturales Renovables y del Ambiente,No Aplica,Preocupación Menor (LC),No aplica,No,,Indefinida,Mascotas,Frugívoro,<1700
Saltator striatipectus,Cosmopolita,Nacional,0787 de 1977,INDERENA - Instituto Nacional de Recursos Naturales Renovables y del Ambiente,No Aplica,Preocupación Menor (LC),No aplica,No,,Indefinida,Mascotas,Frugívoro,<2000
Scarthyla vigilans,Cosmopolita,Nacional,0787 de 1977,INDERENA - Instituto Nacional de Recursos Naturales Renovables y del Ambiente,No Aplica,Preocupación Menor (LC),No aplica,No,,Indefinida,,Insectivoro,<500
Scinax rostratus,Cosmopolita,Nacional,0787 de 1977,INDERENA - Instituto Nacional de Recursos Naturales Renovables y del Ambiente,No Aplica,Preocupación Menor (LC),No aplica,No,No Aplica,Indefinida,,Insectívoro,<1300
Scinax ruber,Cosmopolita,Nacional,0787 de 1977,INDERENA - Instituto Nacional de Recursos Naturales Renovables y del Ambiente,No Aplica,Preocupación Menor (LC),No aplica,No,No Aplica,Indefinida,,Insectívoro,<2600
Sciurus granatensis,Cosmopolita,Nacional,0787 de 1977,INDERENA - Instituto Nacional de Recursos Naturales Renovables y del Ambiente,No Aplica,Preocupación Menor (LC),No aplica,No,,Indefinida,Mascotas,Frugívoro,<3000
Sicalis flaveola,Cosmopolita,Nacional,0787 de 1977,INDERENA - Instituto Nacional de Recursos Naturales Renovables y del Ambiente,No Aplica,Preocupación Menor (LC),No aplica,No,,Indefinida,Mascotas,Frugívoro,<2000
Spilotes pullatus,Cosmopolita,Nacional,0787 de 1977,INDERENA - Instituto Nacional de Recursos Naturales Renovables y del Ambiente,No Aplica,No Evaluado (NE),No aplica,No,,Indefinida,,Carnivoro,<2000
Sporophila crassirostris,Cosmopolita,Nacional,0787 de 1977,INDERENA - Instituto Nacional de Recursos Naturales Renovables y del Ambiente,No Aplica,Preocupación Menor (LC),No aplica,No,,Indefinida,Mascotas,Herbívoro,<700
Sporophila intermedia,Cosmopolita,Nacional,0787 de 1977,INDERENA - Instituto Nacional de Recursos Naturales Renovables y del Ambiente,No Aplica,Preocupación menor (LC),No aplica,No,,Indefinida,Mascotas,Herbívoro,2000
Sporophila minuta,Cosmopolita,Nacional,0787 de 1977,INDERENA - Instituto Nacional de Recursos Naturales Renovables y del Ambiente,No Aplica,Preocupación Menor (LC),No aplica,No,,Indefinida,Mascotas,Omnivoro,<1100
Sporophila nigricollis,Cosmopolita,Nacional,0787 de 1977,INDERENA - Instituto Nacional de Recursos Naturales Renovables y del Ambiente,No Aplica,Preocupación Menor (LC),No aplica,No,,Indefinida,Mascotas,Frugívoro,<2300
Sporophila schistacea,Cosmopolita,Nacional,0787 de 1977,INDERENA - Instituto Nacional de Recursos Naturales Renovables y del Ambiente,No Aplica,Preocupación menor (LC),No aplica,No,,Indefinida,Mascotas,Herbívoro,<1500
Stelgidopteryx ruficollis,Cosmopolita,Nacional,0787 de 1977,INDERENA - Instituto Nacional de Recursos Naturales Renovables y del Ambiente,No Aplica,Preocupación menor (LC),No aplica,No,No Aplica,Indefinida,,Insectivoro,<3600
Synallaxis albescens,Cosmopolita,Nacional,0787 de 1977,INDERENA - Instituto Nacional de Recursos Naturales Renovables y del Ambiente,No Aplica,Preocupación Menor (LC),No aplica,No,,Indefinida,,Insectivoro,<1500
Synbranchus marmoratus,Cosmopolita,,,,No Aplica,,No aplica,Sí,Estacional,,Otro,Carnivoro,<600
Tachybaptus dominicus,Cosmopolita,Nacional,0787 de 1977,INDERENA - Instituto Nacional de Recursos Naturales Renovables y del Ambiente,No Aplica,Preocupación Menor (LC),No aplica,No,No Aplica,Indefinida,,Carnívoro,<2600
Tamandua mexicana,Cosmopolita,Nacional,0787 de 1977,INDERENA - Instituto Nacional de Recursos Naturales Renovables y del Ambiente,Apéndice III,Preocupación Menor (LC),No aplica,No,No Aplica,Indefinida,,Insectívoro,<2000
Tangara episcopus,Cosmopolita,Nacional,0787 de 1977,INDERENA - Instituto Nacional de Recursos Naturales Renovables y del Ambiente,No Aplica,Preocupación Menor (LC),No aplica,No,,Indefinida,Mascotas,Frugívoro,<2600
Tangara palmarum,Cosmopolita,Nacional,0787 de 1977,INDERENA - Instituto Nacional de Recursos Naturales Renovables y del Ambiente,No Aplica,Preocupación menor (LC),No aplica,No,,Indefinida,Mascotas,Frugívoro,<1200
Tapera naevia,Cosmopolita,Nacional,0787 de 1977,INDERENA - Instituto Nacional de Recursos Naturales Renovables y del Ambiente,No Aplica,Preocupación Menor (LC),No aplica,No,,Indefinida,,Insectivoro,<1500
Taraba major,Cosmopolita,Nacional,0787 de 1977,INDERENA - Instituto Nacional de Recursos Naturales Renovables y del Ambiente,No Aplica,Preocupación Menor (LC),No aplica,No,No Aplica,Indefinida,,Insectívoro,<2200
Thamnodynastes gambotensis,Restringida,Nacional,0787 de 1977,INDERENA - Instituto Nacional de Recursos Naturales Renovables y del Ambiente,No Aplica,Preocupación Menor (LC),No aplica,No,,Indefinida,,Carnivoro,<200
Thamnophilus doliatus,Cosmopolita,Nacional,0787 de 1977,INDERENA - Instituto Nacional de Recursos Naturales Renovables y del Ambiente,No Aplica,Preocupación Menor (LC),No aplica,No,,Indefinida,,Insectivoro,<2000
Theristicus caudatus,Cosmopolita,Nacional,0787 de 1977,INDERENA - Instituto Nacional de Recursos Naturales Renovables y del Ambiente,No Aplica,Preocupación menor (LC),No aplica,No,,Indefinida,,Carnivoro,<2000
Tigrisoma lineatum,Cosmopolita,Nacional,0787 de 1977,INDERENA - Instituto Nacional de Recursos Naturales Renovables y del Ambiente,No Aplica,Preocupación Menor (LC),No aplica,No,,Indefinida,,Carnivoro,<500
Tigrisona fasciaum,Cosmopolita,Nacional,0787 de 1977,INDERENA - Instituto Nacional de Recursos Naturales Renovables y del Ambiente,No Aplica,Preocupación Menor (LC),No aplica,No,,Indefinida,,Carnivoro,<500
Tityra inquisitor,Cosmopolita,Nacional,0787 de 1977,INDERENA - Instituto Nacional de Recursos Naturales Renovables y del Ambiente,No Aplica,Preocupación Menor (LC),No aplica,No,No Aplica,Indefinida,,Carnívoro,<1200
Todirostrum cinereum,Cosmopolita,Nacional,0787 de 1977,INDERENA - Instituto Nacional de Recursos Naturales Renovables y del Ambiente,No Aplica,Preocupación Menor (LC),No aplica,No,,Indefinida,,Insectivoro,<1500
Trachemys scripta,Restringida,Nacional,0787 de 1977,INDERENA - Instituto Nacional de Recursos Naturales Renovables y del Ambiente,No Aplica,Preocupación Menor (LC),Vulnerable (VU),No,Altitudinal,Indefinida,Subsistencia,Omnívoro,<600
Trichopodus pectoralis,Cosmopolita,,,,No Aplica,Preocupación Menor (LC),No aplica,No,,,Subsistencia,Carnivoro,<200
Tringa solitaria,Cosmopolita,Nacional,0787 de 1977,INDERENA - Instituto Nacional de Recursos Naturales Renovables y del Ambiente,No Aplica,Preocupación menor (LC),No aplica,Sí,Latitudinal,Indefinida,,Insectivoro,<3000
Troglodytes aedon,Cosmopolita,Nacional,0787 de 1977,INDERENA - Instituto Nacional de Recursos Naturales Renovables y del Ambiente,No Aplica,Preocupación Menor (LC),No aplica,No,No Aplica,Indefinida,,Insectivoro,<1000
Tupinambis teguixin,Cosmopolita,Nacional,0787 de 1977,INDERENA - Instituto Nacional de Recursos Naturales Renovables y del Ambiente,Apéndice II,Preocupación Menor (LC),No aplica,No,,Indefinida,,Carnivoro,<600
Turdus ignobilis,Cosmopolita,,0787 de 1977,INDERENA - Instituto Nacional de Recursos Naturales Renovables y del Ambiente,No Aplica,Preocupación Menor (LC),No aplica,No,No Aplica,Indefinida,Mascotas,Insectívoro,<2800
Tyrannus dominicensis,Cosmopolita,Nacional,0787 de 1977,INDERENA - Instituto Nacional de Recursos Naturales Renovables y del Ambiente,No Aplica,Preocupación Menor (LC),No aplica,Sí,Estacional,Indefinida,,Insectívoro,<900
Tyrannus melancholicus,Cosmopolita,Nacional,0787 de 1977,INDERENA - Instituto Nacional de Recursos Naturales Renovables y del Ambiente,No Aplica,Preocupación Menor (LC),No aplica,Sí,Latitudinal,Indefinida,,Insectívoro,<2700
Tyrannus savana,Cosmopolita,Nacional,0787 de 1977,INDERENA - Instituto Nacional de Recursos Naturales Renovables y del Ambiente,No Aplica,Preocupación Menor (LC),No aplica,Sí,Latitudinal,Indefinida,,Insectívoro,<4100
Vanellus chilensis,Cosmopolita,Nacional,0787 de 1977,INDERENA - Instituto Nacional de Recursos Naturales Renovables y del Ambiente,No Aplica,Preocupación Menor (LC),No aplica,No,,Indefinida,,Insectívoro,<2600
Volatinia jacarina,Cosmopolita,Nacional,0787 de 1977,INDERENA - Instituto Nacional de Recursos Naturales Renovables y del Ambiente,No Aplica,Preocupación Menor (LC),No aplica,No,,Indefinida,,Otro,<2000
Zenaida auriculata,Cosmopolita,Nacional,0787 de 1977,INDERENA - Instituto Nacional de Recursos Naturales Renovables y del Ambiente,No Aplica,Preocupación Menor (LC),No aplica,No,,Indefinida,Subsistencia,Frugívoro,<4400
Amerotyphlops reticulatus,Cosmopolita,Nacional,791 de 1977,INDERENA - Instituto Nacional de Recursos Naturales Renovables y del Ambiente,No aplica,Preocupación Menor (LC),No aplica,No,,Indefinida,,Insectivoro,<812
Andinoacara pulcher,Restringida,Nacional,792 de 1977,INDERENA - Instituto Nacional de Recursos Naturales Renovables y del Ambiente,No aplica,No Evaluado (NE),No aplica,Sí,Estacional,Indefinida,Otro,Carnivoro,<600
Anolis aff. sulcifrons,,Nacional,793 de 1977,INDERENA - Instituto Nacional de Recursos Naturales Renovables y del Ambiente,No aplica,No Evaluado (NE),No aplica,No,,Indefinida,,Insectivoro,
Anurolimnas viridis,Cosmopolita,Nacional,797 de 1977,INDERENA - Instituto Nacional de Recursos Naturales Renovables y del Ambiente,No aplica,Preocupación Menor (LC),No aplica,No,,Indefinida,,Granívoro,<1300
Ara ararauna,Cosmopolita,Nacional,798 de 1977,INDERENA - Instituto Nacional de Recursos Naturales Renovables y del Ambiente,No aplica,Preocupación Menor (LC),No aplica,No,,Indefinida,Mascotas,Frugívoro,<500
Artibeus lituratus,Cosmopolita,Nacional,801 de 1977,INDERENA - Instituto Nacional de Recursos Naturales Renovables y del Ambiente,No aplica,Preocupación Menor (LC),No aplica,No,,Indefinida,,Frugívoro,<2000
Astyanas fasciatus,Restringida,Nacional,802 de 1977,INDERENA - Instituto Nacional de Recursos Naturales Renovables y del Ambiente,No aplica,No Evaluado (NE),No aplica,Sí,Estacional,Indefinida,Otro,Carnivoro,<500
Basiliscus galeritus,Restringida,Nacional,803 de 1977,INDERENA - Instituto Nacional de Recursos Naturales Renovables y del Ambiente,No aplica,Preocupación Menor (LC),No aplica,No,,Indefinida,,Insectivoro,<980
Bothrops asper,Cosmopolita,Nacional,805 de 1977,INDERENA - Instituto Nacional de Recursos Naturales Renovables y del Ambiente,No aplica,No Evaluado (NE),No aplica,No,,Indefinida,,Carnivoro,<600
Caecilia aff. Subnigricans,Restringida,Nacional,812 de 1977,INDERENA - Instituto Nacional de Recursos Naturales Renovables y del Ambiente,No aplica,Preocupación Menor (LC),No aplica,No,,Indefinida,,Insectivoro,
Carollia sp.,,Nacional,817 de 1977,INDERENA - Instituto Nacional de Recursos Naturales Renovables y del Ambiente,,,,,,Indefinida,,Frugívoro,
Cebus albifrons versicolor,Cosmopolita,Nacional,820 de 1977,INDERENA - Instituto Nacional de Recursos Naturales Renovables y del Ambiente,No Aplica,Preocupación Menor (LC),No aplica,No,,Indefinida,Mascotas,Omnivoro,<2000
Chaetura brachyura,Cosmopolita,Nacional,822 de 1977,INDERENA - Instituto Nacional de Recursos Naturales Renovables y del Ambiente,No aplica,Preocupación Menor (LC),No aplica,No,,Indefinida,,Insectivoro,<1050
Chalybura buffonii,Cosmopolita,Nacional,823 de 1977,INDERENA - Instituto Nacional de Recursos Naturales Renovables y del Ambiente,No aplica,Preocupación Menor (LC),No aplica,No,,Indefinida,,Nectarívoro,<2000
Chelonoidis carbonaria,Restringida,Nacional,825 de 1977,INDERENA - Instituto Nacional de Recursos Naturales Renovables y del Ambiente,Apendice II,,Vulnerable (VU),No,,Indefinida,Mascotas,Herbívoro,<300
Cnemidophorus lemniscatus,Cosmopolita,Nacional,827 de 1977,INDERENA - Instituto Nacional de Recursos Naturales Renovables y del Ambiente,No aplica,No Evaluado (NE),No aplica,No,0,Indefinida,0,Insectivoro,<1600
Coccyzus americanus,Cosmopolita,Nacional,828 de 1977,INDERENA - Instituto Nacional de Recursos Naturales Renovables y del Ambiente,No aplica,Preocupación Menor (LC),No aplica,Sí,l,Indefinida,,Insectivoro,<2800
Coendou bicolor,Cosmopolita,Nacional,829 de 1977,INDERENA - Instituto Nacional de Recursos Naturales Renovables y del Ambiente,No aplica,Preocupación menor (LC),No aplica,No,,Indefinida,,Frugívoro,<2500
Columba livia,Cosmopolita,Nacional,832 de 1977,INDERENA - Instituto Nacional de Recursos Naturales Renovables y del Ambiente,No aplica,Preocupación Menor (LC),No aplica,No,,Indefinida,Mascotas,Granívoro,<4300
Contopus sp,,Nacional,835 de 1977,INDERENA - Instituto Nacional de Recursos Naturales Renovables y del Ambiente,,,,,,Indefinida,,Insectivoro,
Cyclarhis gujanensis,Cosmopolita,Nacional,841 de 1977,INDERENA - Instituto Nacional de Recursos Naturales Renovables y del Ambiente,No aplica,Preocupación Menor (LC),No aplica,No,,Indefinida,,Frugívoro,<3100
Dendroplex picus,Cosmopolita,Nacional,844 de 1977,INDERENA - Instituto Nacional de Recursos Naturales Renovables y del Ambiente,No aplica,Preocupación Menor (LC),No aplica,No,,Indefinida,,Insectivoro,<1400
Dryocopus lineatus,Cosmopolita,Nacional,847 de 1977,INDERENA - Instituto Nacional de Recursos Naturales Renovables y del Ambiente,No aplica,Preocupación Menor (LC),No aplica,No,,Indefinida,,Insectivoro,<2100
Eigenmannia virescens,,Nacional,848 de 1977,INDERENA - Instituto Nacional de Recursos Naturales Renovables y del Ambiente,No aplica,,No aplica,,,Indefinida,Subsistencia,Carnivoro,<300
Eira barbara,Cosmopolita,Nacional,849 de 1977,INDERENA - Instituto Nacional de Recursos Naturales Renovables y del Ambiente,Apendice III,Preocupación menor (LC),No aplica,No,,Indefinida,,Carnivoro,<1200
Fluvicula pica,Cosmopolita,Nacional,856 de 1977,INDERENA - Instituto Nacional de Recursos Naturales Renovables y del Ambiente,No Aplica,Preocupación Menor (LC),No aplica,No,,Indefinida,,Insectivoro,<1000
Formicivora grisea,Cosmopolita,Nacional,857 de 1977,INDERENA - Instituto Nacional de Recursos Naturales Renovables y del Ambiente,No aplica,Preocupación Menor (LC),No aplica,No,,Indefinida,,Insectivoro,<1600
Gampsonyx swainsonii,Cosmopolita,Nacional,860 de 1977,INDERENA - Instituto Nacional de Recursos Naturales Renovables y del Ambiente,No aplica,Preocupación Menor (LC),No aplica,No,,Indefinida,,Carnivoro,<1200
Hemidactylus frenatus,Cosmopolita,Nacional,864 de 1977,INDERENA - Instituto Nacional de Recursos Naturales Renovables y del Ambiente,No aplica,Preocupación Menor (LC),No aplica,No,,Indefinida,,Insectivoro,<1600
Icterus auricapillus,Cosmopolita,Nacional,871 de 1977,INDERENA - Instituto Nacional de Recursos Naturales Renovables y del Ambiente,No aplica,Preocupación Menor (LC),No aplica,No,,Indefinida,,Frugívoro,<800
Kinosternon leucostomum,Restringida,Nacional,875 de 1977,INDERENA - Instituto Nacional de Recursos Naturales Renovables y del Ambiente,No aplica,,No aplica,No,,Indefinida,,Omnívoro,<750
Legatus leucophaius,Cosmopolita,Nacional,877 de 1977,INDERENA - Instituto Nacional de Recursos Naturales Renovables y del Ambiente,No aplica,Preocupación Menor (LC),No aplica,Sí,Estacional,Indefinida,,Insectivoro,<1000
Lepidoblepharis sanctaemartae,Cosmopolita,Nacional,878 de 1977,INDERENA - Instituto Nacional de Recursos Naturales Renovables y del Ambiente,No aplica,Preocupación Menor (LC),No aplica,No,,Indefinida,,Insectivoro,<600
Leptodactylus sp.,Cosmopolita,Nacional,881 de 1977,INDERENA - Instituto Nacional de Recursos Naturales Renovables y del Ambiente,,,,No,No Aplica,Indefinida,,Insectivoro,
Leptodeira annulata,Cosmopolita,Nacional,882 de 1977,INDERENA - Instituto Nacional de Recursos Naturales Renovables y del Ambiente,No aplica,Preocupación menor (LC),No aplica,No,No Aplica,Indefinida,,Insectivoro,<1500
Mabuya sp.,,Nacional,886 de 1977,INDERENA - Instituto Nacional de Recursos Naturales Renovables y del Ambiente,,,,,,Indefinida,,Insectivoro,
Mastigodryas boddaerti,Cosmopolita,Nacional,889 de 1977,INDERENA - Instituto Nacional de Recursos Naturales Renovables y del Ambiente,No aplica,Preocupación Menor (LC),No aplica,No,No Aplica,Indefinida,,Insectivoro,<2600
Megarynchus pitangua,Cosmopolita,Nacional,891 de 1977,INDERENA - Instituto Nacional de Recursos Naturales Renovables y del Ambiente,No aplica,Preocupación Menor (LC),No aplica,No,0,Indefinida,0,Omnivoro,<1500
Molothrus bonariensis,Cosmopolita,Nacional,895 de 1977,INDERENA - Instituto Nacional de Recursos Naturales Renovables y del Ambiente,No aplica,Preocupación Menor (LC),No aplica,No,No Aplica,Indefinida,,Insectivoro,<900
Molothrus oryzivorus,Cosmopolita,Nacional,896 de 1977,INDERENA - Instituto Nacional de Recursos Naturales Renovables y del Ambiente,No aplica,Preocupación menor (LC),No aplica,No,No Aplica,Indefinida,,Omnivoro,<2000
Momotus subrufescens,Cosmopolita,Nacional,897 de 1977,INDERENA - Instituto Nacional de Recursos Naturales Renovables y del Ambiente,No aplica,Preocupación Menor (LC),No aplica,No,,Indefinida,,Insectivoro,<1300
Monodelphis adusta,Cosmopolita,Nacional,898 de 1977,INDERENA - Instituto Nacional de Recursos Naturales Renovables y del Ambiente,No aplica,Preocupación Menor (LC),No aplica,No,No Aplica,Indefinida,,Insectivoro,<1200
Mycteria americana,Cosmopolita,Nacional,899 de 1977,INDERENA - Instituto Nacional de Recursos Naturales Renovables y del Ambiente,No aplica,Preocupación Menor (LC),No aplica,No,No Aplica,Indefinida,,Carnivoro,<800
Myiarchus crinitus,Cosmopolita,Nacional,900 de 1977,INDERENA - Instituto Nacional de Recursos Naturales Renovables y del Ambiente,No aplica,Preocupación Menor (LC),No aplica,Sí,Estacional,Indefinida,,Insectivoro,<1400
Myiozetetes similis,Cosmopolita,Nacional,903 de 1977,INDERENA - Instituto Nacional de Recursos Naturales Renovables y del Ambiente,No aplica,Preocupación Menor (LC),No aplica,No,0,Indefinida,0,Insectivoro,<2000
Ninia atrata,Cosmopolita,Nacional,904 de 1977,INDERENA - Instituto Nacional de Recursos Naturales Renovables y del Ambiente,No aplica,Preocupación Menor (LC),No aplica,No,No Aplica,Indefinida,,Insectivoro,<1000
Notosciurus granatensis,Cosmopolita,Nacional,905 de 1977,INDERENA - Instituto Nacional de Recursos Naturales Renovables y del Ambiente,No aplica,Preocupación Menor (LC),No aplica,No,,Indefinida,Mascotas,Frugívoro,<3000
Pachyramphus cinnamomeus,Cosmopolita,Nacional,908 de 1977,INDERENA - Instituto Nacional de Recursos Naturales Renovables y del Ambiente,No aplica,Preocupación Menor (LC),No aplica,No,No Aplica,Indefinida,,Insectivoro,<1500
Pachyramphus rufus,Cosmopolita,Nacional,909 de 1977,INDERENA - Instituto Nacional de Recursos Naturales Renovables y del Ambiente,No aplica,Preocupación Menor (LC),No aplica,No,No Aplica,Indefinida,,Insectivoro,<1500
Phaethornis  anthophilus,Cosmopolita,Nacional,912 de 1977,INDERENA - Instituto Nacional de Recursos Naturales Renovables y del Ambiente,No aplica,Preocupación Menor (LC),No aplica,no,,Indefinida,,Nectarívoro,<1500
Phaethornis anthophilus,Cosmopolita,Nacional,913 de 1977,INDERENA - Instituto Nacional de Recursos Naturales Renovables y del Ambiente,No aplica,Preocupación Menor (LC),No aplica,no,,Indefinida,,Nectarívoro,<1500
Pheugopedius fasciatoventris,Cosmopolita,Nacional,914 de 1977,INDERENA - Instituto Nacional de Recursos Naturales Renovables y del Ambiente,No aplica,Preocupación Menor (LC),No aplica,No,No Aplica,Indefinida,,Insectivoro,<1000
Phyllostomus hastatus,Cosmopolita,Nacional,916 de 1977,INDERENA - Instituto Nacional de Recursos Naturales Renovables y del Ambiente,No aplica,Preocupación Menor (LC),No aplica,No,No Aplica,Indefinida,,Insectivoro,<1800
Piaractus brachypomus,Cosmopolita,Nacional,917 de 1977,INDERENA - Instituto Nacional de Recursos Naturales Renovables y del Ambiente,No aplica,,No aplica,No,No Aplica,Indefinida,Subsistencia,Insectivoro,
Picumnus olivaceus,Cosmopolita,Nacional,918 de 1977,INDERENA - Instituto Nacional de Recursos Naturales Renovables y del Ambiente,No aplica,Preocupación Menor (LC),No aplica,No,No Aplica,Indefinida,,Insectivoro,<2300
Pionus menstruus,Cosmopolita,Nacional,919 de 1977,INDERENA - Instituto Nacional de Recursos Naturales Renovables y del Ambiente,No aplica,Preocupación Menor (LC),No aplica,No,No Aplica,Indefinida,Mascotas,Frugívoro,<1400
Poecilia reticulata,,Nacional,922 de 1977,INDERENA - Instituto Nacional de Recursos Naturales Renovables y del Ambiente,No aplica,,No aplica,,,Indefinida,Mascotas,Insectivoro,
Poecilotriccus sylvia,Cosmopolita,Nacional,923 de 1977,INDERENA - Instituto Nacional de Recursos Naturales Renovables y del Ambiente,No aplica,Preocupación Menor (LC),No aplica,No,No Aplica,Indefinida,,Insectivoro,<1100
Porthidium lansbergii,Cosmopolita,Nacional,925 de 1977,INDERENA - Instituto Nacional de Recursos Naturales Renovables y del Ambiente,No aplica,,No aplica,No,No Aplica,Indefinida,,Carnivoro,<600
Proechimys chrysaeolus,Restringida,Nacional,927 de 1977,INDERENA - Instituto Nacional de Recursos Naturales Renovables y del Ambiente,No aplica,Datos deficientes (DD),No aplica,No,No Aplica,Indefinida,,Herbívoro,100-500
Rattus rattus,Cosmopolita,Nacional,934 de 1977,INDERENA - Instituto Nacional de Recursos Naturales Renovables y del Ambiente,No aplica,Preocupación Menor (LC),No aplica,No,No Aplica,Indefinida,,Omnivoro,<3000
Rhinella humboldti,Cosmopolita,Nacional,935 de 1977,INDERENA - Instituto Nacional de Recursos Naturales Renovables y del Ambiente,No aplica,Preocupación Menor (LC),No aplica,No,,Indefinida,,Insectivoro,<1000
Saccopteryx leptura,Cosmopolita,Nacional,938 de 1977,INDERENA - Instituto Nacional de Recursos Naturales Renovables y del Ambiente,No aplica,Preocupación menor (LC),No aplica,No,No Aplica,Indefinida,,Insectivoro,<500
Setophaga castanea,Cosmopolita,Nacional,945 de 1977,INDERENA - Instituto Nacional de Recursos Naturales Renovables y del Ambiente,No aplica,Preocupación Menor (LC),No aplica,Sí,Latitudinal,Indefinida,,Insectivoro,
Setophaga petechia,Cosmopolita,Nacional,946 de 1977,INDERENA - Instituto Nacional de Recursos Naturales Renovables y del Ambiente,No aplica,Preocupación Menor (LC),No aplica,Sí,Estacional,Indefinida,,Insectivoro,<3000
Setophaga striata,Cosmopolita,Nacional,947 de 1977,INDERENA - Instituto Nacional de Recursos Naturales Renovables y del Ambiente,No aplica,Casi Amenazada (NT),No aplica,No,No Aplica,Indefinida,,Carnivoro,600-3000
Spizaetus tyrannus,Cosmopolita,Nacional,949 de 1977,INDERENA - Instituto Nacional de Recursos Naturales Renovables y del Ambiente,No Aplica,Preocupación Menor (LC),No aplica,No,No Aplica,Indefinida,,Carnivoro,<2000
Sporophila funerea,Cosmopolita,Nacional,951 de 1977,INDERENA - Instituto Nacional de Recursos Naturales Renovables y del Ambiente,No aplica,Preocupación Menor (LC),No aplica,No,No Aplica,Indefinida,,Granívoro,<1100
Tachycineta albiventer,Cosmopolita,Nacional,956 de 1977,INDERENA - Instituto Nacional de Recursos Naturales Renovables y del Ambiente,No aplica,Preocupación Menor (LC),No aplica,No,No Aplica,Indefinida,,Insectivoro,<700
Tangara inornata,Cosmopolita,Nacional,958 de 1977,INDERENA - Instituto Nacional de Recursos Naturales Renovables y del Ambiente,No aplica,Preocupación Menor (LC),No aplica,No,No Aplica,Indefinida,,Frugívoro,<200
Tapera  naevia,Cosmopolita,Nacional,959 de 1977,INDERENA - Instituto Nacional de Recursos Naturales Renovables y del Ambiente,No aplica,Preocupación Menor (LC),No aplica,No,0,Indefinida,0,Insectivoro,<1500
Thraupis episcopus,Cosmopolita,Nacional,962 de 1977,INDERENA - Instituto Nacional de Recursos Naturales Renovables y del Ambiente,No aplica,Preocupación Menor (LC),No aplica,No,0,Indefinida,Mascotas,Frugívoro,<2600
Thraupis palmarum,Cosmopolita,Nacional,963 de 1977,INDERENA - Instituto Nacional de Recursos Naturales Renovables y del Ambiente,No aplica,Preocupación Menor (LC),No aplica,No,0,Indefinida,Mascotas,Frugívoro,1200
Tiaris bicolor,Cosmopolita,Nacional,964 de 1977,INDERENA - Instituto Nacional de Recursos Naturales Renovables y del Ambiente,No aplica,Preocupación Menor (LC),No aplica,No,,Indefinida,,Granívoro,<1300
Tityra semifasciata,Cosmopolita,Nacional,967 de 1977,INDERENA - Instituto Nacional de Recursos Naturales Renovables y del Ambiente,No aplica,Preocupación Menor (LC),No aplica,No,No Aplica,Indefinida,,Omnivoro,<2500
Tolmomyias sulphurescens,Cosmopolita,Nacional,969 de 1977,INDERENA - Instituto Nacional de Recursos Naturales Renovables y del Ambiente,No aplica,Preocupación Menor (LC),No aplica,No,No Aplica,Indefinida,,Insectivoro,<2100
Trachemys callirostris,Restringida,Nacional,970 de 1977,INDERENA - Instituto Nacional de Recursos Naturales Renovables y del Ambiente,No aplica,Preocupación Menor (LC),Vulnerable (VU),No,No Aplica,Indefinida,Subsistencia,Omnivoro,<500
Turdus nudigenis,Cosmopolita,Nacional,975 de 1977,INDERENA - Instituto Nacional de Recursos Naturales Renovables y del Ambiente,No aplica,Preocupación Menor (LC),No aplica,No,No Aplica,Indefinida,Mascotas,Omnivoro,<1500
Tyrannulus elatus,Cosmopolita,Nacional,976 de 1977,INDERENA - Instituto Nacional de Recursos Naturales Renovables y del Ambiente,No aplica,Preocupación Menor (LC),No aplica,No,No Aplica,Indefinida,,Omnivoro,<1200
Tyrannus tyrannus,Cosmopolita,Nacional,978 de 1977,INDERENA - Instituto Nacional de Recursos Naturales Renovables y del Ambiente,No aplica,Preocupación Menor (LC),No aplica,Sí,Latitudinal,Indefinida,,Omnivoro,<3700
Veniliornis kirkii,Cosmopolita,Nacional,980 de 1977,INDERENA - Instituto Nacional de Recursos Naturales Renovables y del Ambiente,No aplica,Preocupación Menor (LC),No aplica,No,No Aplica,Indefinida,,,<1900
Vireo olivaceus,Cosmopolita,Nacional,981 de 1977,INDERENA - Instituto Nacional de Recursos Naturales Renovables y del Ambiente,No aplica,Preocupación Menor (LC),No aplica,Sí,Latitudinal,Indefinida,,Omnivoro,<1500
Zygodontomys aff. brevicauda,Cosmopolita,Nacional,983 de 1977,INDERENA - Instituto Nacional de Recursos Naturales Renovables y del Ambiente,No aplica,Preocupación Menor (LC),No aplica,No,,Indefinida,,Omnivoro,
