VEREDA,MUNICIPIO,DEPTO,NOMBRE,ID_MUES_PT,N_COBERT,NOMENCLAT,T_MUEST,HABITAT,DESCRIP,FEC_MUEST,ESTACIONAL,CUERPO_AGU,COTA,COOR_ESTE,COOR_NORTE,GERENCIA
V. LLANITO ALTO,BARRANCABERMEJA,SANTANDER,IANR LA MACARENA,463,Zonas Pantanosas,411,Puntual,Zona inundable,Busqueda libre por inspección visual al azar,2021-03-08,Medio,,73,4907191,2350069,GMA
V. LLANITO ALTO,BARRANCABERMEJA,SANTANDER,IANR LA MACARENA,465,Zonas Pantanosas,411,Puntual,Zona inundable,Busqueda libre por inspección visual al azar,2021-03-08,Medio,,75,4906918,2350075,GMA
V. LLANITO ALTO,BARRANCABERMEJA,SANTANDER,IANR LA MACARENA,466,Zonas Pantanosas,411,Puntual,Zona inundable,Busqueda libre por inspección visual al azar,2021-03-08,Medio,,76,4907184,2350084,GMA
V. LLANITO ALTO,BARRANCABERMEJA,SANTANDER,IANR LA MACARENA,468,Zonas Pantanosas,411,Puntual,Zona inundable,Busqueda libre por inspección visual al azar,2021-03-08,Medio,,76,4906993,2350109,GMA
V. LLANITO ALTO,BARRANCABERMEJA,SANTANDER,IANR LA MACARENA,469,Zonas Pantanosas,411,Puntual,Zona inundable,Busqueda libre por inspección visual al azar,2021-03-08,Medio,,76,4907151,2350114,GMA
V. LLANITO ALTO,BARRANCABERMEJA,SANTANDER,IANR LA MACARENA,471,Zonas Pantanosas,411,Puntual,Zona inundable,Busqueda libre por inspección visual al azar,2021-03-08,Medio,,77,4907286,2350266,GMA
V. LLANITO ALTO,BARRANCABERMEJA,SANTANDER,IANR LA MACARENA,472,Zonas Pantanosas,411,Puntual,Zona inundable,Busqueda libre por inspección visual al azar,2021-03-08,Medio,,76,4907175,2350095,GMA
V. LLANITO ALTO,BARRANCABERMEJA,SANTANDER,IANR LA MACARENA,473,Zonas Pantanosas,411,Puntual,Estrato arbóreo,Busqueda libre por inspección visual al azar,2021-03-08,Medio,,74,4907205,2350056,GMA
V. LLANITO ALTO,BARRANCABERMEJA,SANTANDER,IANR LA MACARENA,474,Zonas Pantanosas,411,Puntual,Estrato arbustivo,Busqueda libre por inspección visual al azar,2021-03-08,Medio,,86,4907310,2350109,GMA
V. LLANITO ALTO,BARRANCABERMEJA,SANTANDER,IANR LA MACARENA,476,Mosaico de pastos con espacios naturales,244,Puntual,Estrato arbustivo,Busqueda libre por inspección visual al azar,2021-03-08,Medio,,83,4907533,2350302,GMA
V. LLANITO ALTO,BARRANCABERMEJA,SANTANDER,IANR LA MACARENA,478,Zonas Pantanosas,411,Puntual,Zona inundable,Busqueda libre por inspección visual al azar,2021-03-08,Medio,,82,4907142,2350212,GMA
V. LLANITO ALTO,BARRANCABERMEJA,SANTANDER,IANR LA MACARENA,479,Zonas Pantanosas,411,Puntual,Zona inundable,Busqueda libre por inspección visual al azar,2021-03-08,Medio,,82,4906881,2350338,GMA
V. LLANITO ALTO,BARRANCABERMEJA,SANTANDER,IANR LA MACARENA,480,Mosaico de pastos con espacios naturales,244,Puntual,Estrato arbustivo,Busqueda libre por inspección visual al azar,2021-03-08,Medio,,76,4907594,2350299,GMA
V. LLANITO ALTO,BARRANCABERMEJA,SANTANDER,IANR LA MACARENA,481,Mosaico de pastos con espacios naturales,244,Puntual,Estrato arbóreo,Busqueda libre por inspección visual al azar,2021-03-08,Medio,,76,4907681,2350348,GMA
V. LLANITO ALTO,BARRANCABERMEJA,SANTANDER,IANR LA MACARENA,482,Tierras desnudas y degradadas,333,Puntual,Estrato arbustivo,Busqueda libre por inspección visual al azar,2021-03-08,Medio,,71,4907668,2350404,GMA
V. LLANITO ALTO,BARRANCABERMEJA,SANTANDER,IANR LA MACARENA,483,Zonas industriales,1211,Puntual,Estrato arbóreo,Busqueda libre por inspección visual al azar,2021-03-08,Medio,,70,4907755,2350430,GMA
V. LLANITO ALTO,BARRANCABERMEJA,SANTANDER,IANR LA MACARENA,484,Vegetación Secundaria Baja,3232,Puntual,Estrato herbáceo,Busqueda libre por inspección visual al azar,2021-03-08,Medio,,74,4907788,2350445,GMA
V. LLANITO ALTO,BARRANCABERMEJA,SANTANDER,IANR LA MACARENA,485,Vegetación Secundaria Baja,3232,Puntual,Estrato herbáceo,Busqueda libre por inspección visual al azar,2021-03-08,Medio,,87,4907814,2350459,GMA
V. LLANITO ALTO,BARRANCABERMEJA,SANTANDER,IANR LA MACARENA,486,Vegetación Secundaria Baja,3232,Puntual,Estrato herbáceo,Busqueda libre por inspección visual al azar,2021-03-08,Medio,,73,4907835,2350492,GMA
V. LLANITO ALTO,BARRANCABERMEJA,SANTANDER,IANR LA MACARENA,487,Mosaico de pastos con espacios naturales,244,Puntual,Estrato arbustivo,Busqueda libre por inspección visual al azar,2021-03-08,Medio,,65,4907910,2350182,GMA
V. LLANITO ALTO,BARRANCABERMEJA,SANTANDER,IANR LA MACARENA,488,Mosaico de pastos con espacios naturales,244,Puntual,Estrato herbáceo,Busqueda libre por inspección visual al azar,2021-03-08,Medio,,60,4907800,2350242,GMA
V. LLANITO ALTO,BARRANCABERMEJA,SANTANDER,IANR LA MACARENA,490,Mosaico de pastos con espacios naturales,244,Puntual,Estrato arbustivo,Busqueda libre por inspección visual al azar,2021-03-08,Medio,,60,4907620,2350336,GMA
V. LLANITO ALTO,BARRANCABERMEJA,SANTANDER,IANR LLANITO 86,491,Zonas Pantanosas,411,Puntual,Estrato arbóreo,Busqueda libre por inspección visual al azar,2021-03-09,Medio,,73,4908193,2351328,GMA
V. LLANITO ALTO,BARRANCABERMEJA,SANTANDER,IANR LLANITO 86,493,Zonas Pantanosas,411,Puntual,Estrato arbustivo,Busqueda libre por inspección visual al azar,2021-03-09,Medio,,73,4907911,2351309,GMA
V. LLANITO ALTO,BARRANCABERMEJA,SANTANDER,IANR LLANITO 86,494,Zonas Pantanosas,411,Puntual,Estrato arbustivo,Busqueda libre por inspección visual al azar,2021-03-09,Medio,,73,4907902,2351367,GMA
V. LLANITO ALTO,BARRANCABERMEJA,SANTANDER,IANR LLANITO 86,495,Zonas Pantanosas,411,Puntual,Estrato arbustivo,Busqueda libre por inspección visual al azar,2021-03-09,Medio,,73,4907987,2351246,GMA
V. LLANITO ALTO,BARRANCABERMEJA,SANTANDER,IANR LLANITO 86,496,Zonas Pantanosas,411,Puntual,Estrato arbustivo,Busqueda libre por inspección visual al azar,2021-03-09,Medio,,73,4907990,2351321,GMA
V. LLANITO ALTO,BARRANCABERMEJA,SANTANDER,IANR LLANITO 86,497,Zonas Pantanosas,411,Puntual,Estrato arbustivo,Busqueda libre por inspección visual al azar,2021-03-09,Medio,,73,4908089,2351379,GMA
V. LLANITO ALTO,BARRANCABERMEJA,SANTANDER,IANR LLANITO 86,499,Pastos enmalezados,233,Puntual,Estrato arbóreo,Busqueda libre por inspección visual al azar,2021-03-09,Medio,,73,4908455,2351366,GMA
V. LLANITO ALTO,BARRANCABERMEJA,SANTANDER,IANR LLANITO 86,500,Pastos enmalezados,233,Puntual,Estrato arbustivo,Busqueda libre por inspección visual al azar,2021-03-09,Medio,,73,4908416,2351444,GMA
V. LLANITO ALTO,BARRANCABERMEJA,SANTANDER,IANR LLANITO 86,502,Pastos enmalezados,233,Puntual,Estrato arbustivo,Busqueda libre por inspección visual al azar,2021-03-09,Medio,,74,4908517,2351217,GMA
V. LLANITO ALTO,BARRANCABERMEJA,SANTANDER,IANR LLANITO 86,503,Pastos enmalezados,233,Puntual,Zona inundable,Busqueda libre por inspección visual al azar,2021-03-09,Medio,,74,4908418,2351248,GMA
V. LLANITO ALTO,BARRANCABERMEJA,SANTANDER,IANR LLANITO 86,504,Pastos enmalezados,233,Puntual,Estrato arbóreo,Busqueda libre por inspección visual al azar,2021-03-09,Medio,,74,4908397,2351303,GMA
V. LLANITO ALTO,BARRANCABERMEJA,SANTANDER,IANR LLANITO 86,505,Explotación de hidrocarburos,1312,Puntual,Estrato arbóreo,Busqueda libre por inspección visual al azar,2021-03-09,Medio,,69,4908121,2351113,GMA
V. LLANITO ALTO,BARRANCABERMEJA,SANTANDER,IANR LLANITO 86,506,Explotación de hidrocarburos,1312,Puntual,Estrato arbustivo,Busqueda libre por inspección visual al azar,2021-03-09,Medio,,71,4908123,2351100,GMA
V. LLANITO ALTO,BARRANCABERMEJA,SANTANDER,IANR LLANITO 86,507,Explotación de hidrocarburos,1312,Puntual,Orilla de estanque acuicultura,Busqueda libre por inspección visual al azar,2021-03-09,Medio,,73,4908140,2351128,GMA
V. LLANITO ALTO,BARRANCABERMEJA,SANTANDER,IANR LLANITO 86,508,Explotación de hidrocarburos,1312,Puntual,Infraestructura eléctrica,Busqueda libre por inspección visual al azar,2021-03-09,Medio,,78,4908115,2351095,GMA
V. CAMPO GALA,BARRANCABERMEJA,SANTANDER,IANR EL TESORO,509,Palma de aceite,2232,Puntual,Zona inundable,Busqueda libre por inspección visual al azar,2021-03-16,Medio,,76,4904768,2345826,GMA
V. CAMPO GALA,BARRANCABERMEJA,SANTANDER,IANR EL TESORO,510,Palma de aceite,2232,Puntual,Estrato arbustivo,Busqueda libre por inspección visual al azar,2021-03-16,Medio,,76,4904786,2345865,GMA
V. CAMPO GALA,BARRANCABERMEJA,SANTANDER,IANR EL TESORO,511,Palma de aceite,2232,Puntual,Sobrevuelo,Busqueda libre por inspección visual al azar,2021-03-16,Medio,,68,4904795,2345761,GMA
V. CAMPO GALA,BARRANCABERMEJA,SANTANDER,IANR EL TESORO,512,Palma de aceite,2232,Puntual,Estrato arbóreo,Busqueda libre por inspección visual al azar,2021-03-16,Medio,,68,4904780,2345706,GMA
V. CAMPO GALA,BARRANCABERMEJA,SANTANDER,IANR EL TESORO,513,Palma de aceite,2232,Puntual,Estrato arbóreo,Busqueda libre por inspección visual al azar,2021-03-16,Medio,,83,4904766,2345641,GMA
V. CAMPO GALA,BARRANCABERMEJA,SANTANDER,IANR EL TESORO,514,Palma de aceite,2232,Puntual,Estrato arbóreo,Busqueda libre por inspección visual al azar,2021-03-16,Medio,,75,4904758,2345842,GMA
V. CAMPO GALA,BARRANCABERMEJA,SANTANDER,IANR EL TESORO,515,Palma de aceite,2232,Puntual,Estrato herbáceo,Busqueda libre por inspección visual al azar,2021-03-16,Medio,,64,4904770,2345900,GMA
V. CAMPO GALA,BARRANCABERMEJA,SANTANDER,IANR EL TESORO,516,Palma de aceite,2232,Puntual,Estrato arbóreo,Busqueda libre por inspección visual al azar,2021-03-16,Medio,,63,4904772,2345919,GMA
V. CAMPO GALA,BARRANCABERMEJA,SANTANDER,IANR EL TESORO,517,Pastos limpios,231,Puntual,Estrato arbustivo,Busqueda libre por inspección visual al azar,2021-03-16,Medio,,74,4904727,2345982,GMA
V. CAMPO GALA,BARRANCABERMEJA,SANTANDER,IANR EL TESORO,518,Pastos limpios,231,Puntual,Hojarasca,Busqueda libre por inspección visual al azar,2021-03-16,Medio,,81,4904724,2346022,GMA
V. CAMPO GALA,BARRANCABERMEJA,SANTANDER,IANR EL TESORO,519,Pastos limpios,231,Puntual,Estrato arbustivo,Busqueda libre por inspección visual al azar,2021-03-16,Medio,,80,4904648,2346163,GMA
V. CAMPO GALA,BARRANCABERMEJA,SANTANDER,IANR EL TESORO,520,Zonas Pantanosas,411,Puntual,Estrato arbóreo,Busqueda libre por inspección visual al azar,2021-03-16,Medio,,71,4904583,2346210,GMA
V. CAMPO GALA,BARRANCABERMEJA,SANTANDER,IANR EL TESORO,521,Zonas Pantanosas,411,Puntual,Estrato arbustivo,Busqueda libre por inspección visual al azar,2021-03-16,Medio,,73,4904580,2346214,GMA
V. CAMPO GALA,BARRANCABERMEJA,SANTANDER,IANR EL TESORO,522,Zonas Pantanosas,411,Puntual,Estrato arbóreo,Busqueda libre por inspección visual al azar,2021-03-16,Medio,,73,4904477,2346384,GMA
V. CAMPO GALA,BARRANCABERMEJA,SANTANDER,IANR EL TESORO,523,Zonas Pantanosas,411,Puntual,Estrato arbóreo,Busqueda libre por inspección visual al azar,2021-03-17,Medio,,74,4904828,2346193,GMA
V. CAMPO GALA,BARRANCABERMEJA,SANTANDER,IANR EL TESORO,524,Pastos limpios,231,Puntual,Bajo inundable,Busqueda libre por inspección visual al azar,2021-03-17,Medio,,75,4904757,2346041,GMA
V. CAMPO GALA,BARRANCABERMEJA,SANTANDER,IANR EL TESORO,525,Pastos limpios,231,Puntual,Estrato herbáceo,Busqueda libre por inspección visual al azar,2021-03-17,Medio,,78,4904912,2346142,GMA
V. CAMPO GALA,BARRANCABERMEJA,SANTANDER,IANR EL TESORO,526,Zonas Pantanosas,411,Puntual,Estrato arbóreo,Busqueda libre por inspección visual al azar,2021-03-17,Medio,,80,4904913,2346194,GMA
V. CAMPO GALA,BARRANCABERMEJA,SANTANDER,IANR EL TESORO,527,Zonas Pantanosas,411,Puntual,Zona inundable,Busqueda libre por inspección visual al azar,2021-03-17,Medio,,72,4904283,2346926,GMA
V. CAMPO GALA,BARRANCABERMEJA,SANTANDER,IANR EL TESORO,529,Zonas Pantanosas,411,Puntual,Estrato arbóreo,Busqueda libre por inspección visual al azar,2021-03-17,Medio,,72,4904215,2346926,GMA
V. CAMPO GALA,BARRANCABERMEJA,SANTANDER,IANR EL TESORO,530,Explotación de hidrocarburos,1312,Puntual,Arbustos en zona inundable,Busqueda libre por inspección visual al azar,2021-03-17,Medio,,72,4904601,2346313,GMA
V. CAMPO GALA,BARRANCABERMEJA,SANTANDER,IANR EL TESORO,532,Zonas Pantanosas,411,Puntual,Estrato arbóreo,Busqueda libre por inspección visual al azar,2021-03-17,Medio,,84,4904333,2346356,GMA
V. CAMPO GALA,BARRANCABERMEJA,SANTANDER,IANR ESPERANZA LOS PINOS,533,Palma de aceite,2232,Puntual,Estrato arbóreo,Busqueda libre por inspección visual al azar,2021-03-19,Medio,,73,4904945,2343974,GMA
V. CAMPO GALA,BARRANCABERMEJA,SANTANDER,IANR ESPERANZA LOS PINOS,534,Zonas Pantanosas,411,Puntual,Estrato arbóreo,Busqueda libre por inspección visual al azar,2021-03-19,Medio,,74,4904935,2343972,GMA
V. CAMPO GALA,BARRANCABERMEJA,SANTANDER,IANR ESPERANZA LOS PINOS,535,Palma de aceite,2232,Puntual,Estrato herbáceo,Busqueda libre por inspección visual al azar,2021-03-19,Medio,,76,4904971,2343972,GMA
V. CAMPO GALA,BARRANCABERMEJA,SANTANDER,IANR ESPERANZA LOS PINOS,536,Zonas Pantanosas,411,Puntual,Estrato arbustivo,Busqueda libre por inspección visual al azar,2021-03-19,Medio,,77,4904903,2343913,GMA
V. CAMPO GALA,BARRANCABERMEJA,SANTANDER,IANR ESPERANZA LOS PINOS,537,Palma de aceite,2232,Puntual,Charca,Busqueda libre por inspección visual al azar,2021-03-19,Medio,,75,4904863,2343811,GMA
V. CAMPO GALA,BARRANCABERMEJA,SANTANDER,IANR ESPERANZA LOS PINOS,538,Zonas Pantanosas,411,Puntual,Estrato arbustivo,Busqueda libre por inspección visual al azar,2021-03-19,Medio,,75,4904908,2343806,GMA
V. CAMPO GALA,BARRANCABERMEJA,SANTANDER,IANR ESPERANZA LOS PINOS,539,Zonas Pantanosas,411,Puntual,Estrato herbáceo,Busqueda libre por inspección visual al azar,2021-03-19,Medio,,75,4904912,2343803,GMA
V. CAMPO GALA,BARRANCABERMEJA,SANTANDER,IANR ESPERANZA LOS PINOS,540,Zonas Pantanosas,411,Puntual,Zona inundable,Busqueda libre por inspección visual al azar,2021-03-19,Medio,,75,4905012,2343812,GMA
V. CAMPO GALA,BARRANCABERMEJA,SANTANDER,IANR ESPERANZA LOS PINOS,541,Palma de aceite,2232,Puntual,Estrato arbustivo,Busqueda libre por inspección visual al azar,2021-03-19,Medio,,77,4904997,2343833,GMA
V. CAMPO GALA,BARRANCABERMEJA,SANTANDER,IANR ESPERANZA LOS PINOS,542,Explotación de hidrocarburos,1312,Puntual,Estrato arbóreo,Busqueda libre por inspección visual al azar,2021-03-19,Medio,,77,4904478,2343786,GMA
V. CAMPO GALA,BARRANCABERMEJA,SANTANDER,IANR ESPERANZA LOS PINOS,543,Vegetación Secundaria Alta,3231,Puntual,Zona inundable,Busqueda libre por inspección visual al azar,2021-03-19,Medio,,77,4904464,2343984,GMA
V. CAMPO GALA,BARRANCABERMEJA,SANTANDER,IANR ESPERANZA LOS PINOS,544,Palma de aceite,2232,Puntual,Estrato arbustivo,Busqueda libre por inspección visual al azar,2021-03-19,Medio,,77,4904491,2343885,GMA
V. CAMPO GALA,BARRANCABERMEJA,SANTANDER,IANR LA TENAZA,673,Palma de aceite,2232,Puntual,Estrato arbustivo,Busqueda libre por inspección visual al azar,2021-04-12,Medio,,82,4904368,2344606,GMA
V. CAMPO GALA,BARRANCABERMEJA,SANTANDER,IANR LA TENAZA,674,Palma de aceite,2232,Puntual,Estrato arbustivo,Busqueda libre por inspección visual al azar,2021-04-12,Medio,,83,4904336,2344595,GMA
V. CAMPO GALA,BARRANCABERMEJA,SANTANDER,IANR LA TENAZA,675,"Lagunas, lagos y ciénagas naturales",512,Puntual,Zona inundable,Busqueda libre por inspección visual al azar,2021-04-12,Medio,,80,4904136,2344506,GMA
V. CAMPO GALA,BARRANCABERMEJA,SANTANDER,IANR LA TENAZA,676,Zonas Pantanosas,411,Puntual,Estrato arbóreo,Busqueda libre por inspección visual al azar,2021-04-12,Medio,,78,4904266,2344633,GMA
V. CAMPO GALA,BARRANCABERMEJA,SANTANDER,IANR LA TENAZA,677,"Lagunas, lagos y ciénagas naturales",512,Puntual,Zona inundable,Busqueda libre por inspección visual al azar,2021-04-12,Medio,,78,4904186,2344693,GMA
V. CAMPO GALA,BARRANCABERMEJA,SANTANDER,IANR LA TENAZA,678,"Lagunas, lagos y ciénagas naturales",512,Puntual,Zona inundable,Busqueda libre por inspección visual al azar,2021-04-12,Medio,,78,4904173,2344596,GMA
V. CAMPO GALA,BARRANCABERMEJA,SANTANDER,IANR LA TENAZA,679,"Lagunas, lagos y ciénagas naturales",512,Puntual,Zona inundable,Busqueda libre por inspección visual al azar,2021-04-12,Medio,,78,4904067,2344654,GMA
V. CAMPO GALA,BARRANCABERMEJA,SANTANDER,IANR LA TENAZA,680,"Lagunas, lagos y ciénagas naturales",512,Puntual,Zona inundable,Busqueda libre por inspección visual al azar,2021-04-12,Medio,,78,4904145,2344792,GMA
V. CAMPO GALA,BARRANCABERMEJA,SANTANDER,IANR LA TENAZA,681,"Lagunas, lagos y ciénagas naturales",512,Puntual,Arbusto sobre sona inundable,Busqueda libre por inspección visual al azar,2021-04-12,Medio,,78,4904068,2344664,GMA
V. CAMPO GALA,BARRANCABERMEJA,SANTANDER,IANR LA TENAZA,682,"Lagunas, lagos y ciénagas naturales",512,Puntual,Arbusto sobre sona inundable,Busqueda libre por inspección visual al azar,2021-04-12,Medio,,77,4903845,2344835,GMA
V. CAMPO GALA,BARRANCABERMEJA,SANTANDER,IANR LA TENAZA,683,"Lagunas, lagos y ciénagas naturales",512,Puntual,Zona inundable,Busqueda libre por inspección visual al azar,2021-04-12,Medio,,71,4904016,2344961,GMA
V. CAMPO GALA,BARRANCABERMEJA,SANTANDER,IANR LA TENAZA,684,Zonas Pantanosas,411,Puntual,Estrato arbóreo,Busqueda libre por inspección visual al azar,2021-04-12,Medio,,71,4904263,2344647,GMA
V. CAMPO GALA,BARRANCABERMEJA,SANTANDER,IANR LA TENAZA,685,Red vial y territorios asociados,1221,Puntual,Orilla de vía,Busqueda libre por inspección visual al azar,2021-04-12,Medio,,79,4904560,2345205,GMA
V. CAMPO GALA,BARRANCABERMEJA,SANTANDER,IANR LA TENAZA,686,"Lagunas, lagos y ciénagas naturales",512,Puntual,Zona inundable,Busqueda libre por inspección visual al azar,2021-04-12,Medio,,66,4903931,2345343,GMA
V. CAMPO GALA,BARRANCABERMEJA,SANTANDER,IANR LA TENAZA,687,"Lagunas, lagos y ciénagas naturales",512,Puntual,Zona inundable,Busqueda libre por inspección visual al azar,2021-04-12,Medio,,72,4903933,2345339,GMA
V. CAMPO GALA,BARRANCABERMEJA,SANTANDER,IANR LA TENAZA,688,"Lagunas, lagos y ciénagas naturales",512,Puntual,Estrato herbáceo,Busqueda libre por inspección visual al azar,2021-04-12,Medio,,73,4903915,2345340,GMA
V. CAMPO GALA,BARRANCABERMEJA,SANTANDER,IANR LA TENAZA,689,"Lagunas, lagos y ciénagas naturales",512,Puntual,Estrato herbáceo,Busqueda libre por inspección visual al azar,2021-04-12,Medio,,72,4903910,2345342,GMA
V. CAMPO GALA,BARRANCABERMEJA,SANTANDER,IANR LA TENAZA,690,"Lagunas, lagos y ciénagas naturales",512,Puntual,Zona inundable,Busqueda libre por inspección visual al azar,2021-04-12,Medio,,71,4903873,2345343,GMA
V. CAMPO GALA,BARRANCABERMEJA,SANTANDER,IANR LA TENAZA,691,"Lagunas, lagos y ciénagas naturales",512,Puntual,Sobrevuelo,Busqueda libre por inspección visual al azar,2021-04-12,Medio,,72,4903674,2345408,GMA
V. CAMPO GALA,BARRANCABERMEJA,SANTANDER,IANR LA TENAZA,692,Zonas Pantanosas,411,Puntual,Estrato arbóreo,Busqueda libre por inspección visual al azar,2021-04-12,Medio,,71,4902953,2345560,GMA
V. CAMPO GALA,BARRANCABERMEJA,SANTANDER,IANR LA TENAZA,693,Pastos limpios,231,Puntual,Estrato arbustivo,Busqueda libre por inspección visual al azar,2021-04-12,Medio,,80,4904227,2345139,GMA
V.CAMPO 5,BARRANCABERMEJA,SANTANDER,IANR DESHIDRATADORA LISAMA,694,Red vial y territorios asociados,1221,Puntual,Estrato arbóreo,Busqueda libre por inspección visual al azar,2021-04-15,Medio,,95,4913765,2330146,GCT
V.CAMPO 5,BARRANCABERMEJA,SANTANDER,IANR DESHIDRATADORA LISAMA,695,Red vial y territorios asociados,1221,Puntual,Estrato arbustivo,Busqueda libre por inspección visual al azar,2021-04-15,Medio,,94,4913753,2330155,GCT
V.CAMPO 5,BARRANCABERMEJA,SANTANDER,IANR DESHIDRATADORA LISAMA,696,Red vial y territorios asociados,1221,Puntual,Estrato herbáceo,Busqueda libre por inspección visual al azar,2021-04-15,Medio,,87,4913658,2330253,GCT
V. CAMPO 38,BARRANCABERMEJA,SANTANDER,IANR DESHIDRATADORA LISAMA,697,Pastos enmalezados,233,Puntual,Estrato herbáceo,Busqueda libre por inspección visual al azar,2021-04-15,Medio,,86,4913673,2330275,GCT
V. CAMPO 38,BARRANCABERMEJA,SANTANDER,IANR DESHIDRATADORA LISAMA,698,Pastos enmalezados,233,Puntual,Estrato arbustivo,Busqueda libre por inspección visual al azar,2021-04-15,Medio,,80,4913691,2330296,GCT
V. CAMPO 38,BARRANCABERMEJA,SANTANDER,IANR DESHIDRATADORA LISAMA,699,Vegetación Secundaria Baja,3232,Puntual,Estrato arbóreo,Busqueda libre por inspección visual al azar,2021-04-15,Medio,,88,4913774,2330339,GCT
V. CAMPO 38,BARRANCABERMEJA,SANTANDER,IANR DESHIDRATADORA LISAMA,700,Vegetación Secundaria Baja,3232,Puntual,Estrato herbáceo,Busqueda libre por inspección visual al azar,2021-04-15,Medio,,86,4913827,2330357,GCT
V. CAMPO 38,BARRANCABERMEJA,SANTANDER,IANR DESHIDRATADORA LISAMA,701,Vegetación Secundaria Baja,3232,Puntual,Estrato arbóreo,Busqueda libre por inspección visual al azar,2021-04-15,Medio,,87,4913822,2330353,GCT
V.TIERRADENTRO,BARRANCABERMEJA,SANTANDER,IANR DESHIDRATADORA LISAMA,702,Red vial y territorios asociados,1221,Puntual,Estrato arbóreo,Busqueda libre por inspección visual al azar,2021-04-15,Medio,,74,4913565,2329819,GCT
V.TIERRADENTRO,BARRANCABERMEJA,SANTANDER,IANR DESHIDRATADORA LISAMA,703,Vegetación Secundaria Baja,3232,Puntual,Estrato arbóreo,Busqueda libre por inspección visual al azar,2021-04-15,Medio,,82,4913543,2329794,GCT
V.CAMPO 5,BARRANCABERMEJA,SANTANDER,IANR DESHIDRATADORA LISAMA,704,Red vial y territorios asociados,1221,Puntual,Charca,Busqueda libre por inspección visual al azar,2021-04-15,Medio,,88,4913710,2329853,GCT
V.CAMPO 5,BARRANCABERMEJA,SANTANDER,IANR DESHIDRATADORA LISAMA,705,Red vial y territorios asociados,1221,Puntual,Estrato arbóreo,Busqueda libre por inspección visual al azar,2021-04-15,Medio,,90,4913707,2329862,GCT
V.CAMPO 5,BARRANCABERMEJA,SANTANDER,IANR DESHIDRATADORA LISAMA,706,Pastos limpios,231,Puntual,Línea eléctrica,Busqueda libre por inspección visual al azar,2021-04-15,Medio,,90,4913774,2329935,GCT
V.CAMPO 5,BARRANCABERMEJA,SANTANDER,IANR DESHIDRATADORA LISAMA,707,Pastos enmalezados,233,Puntual,Zona inundable,Busqueda libre por inspección visual al azar,2021-04-15,Medio,,96,4913794,2329858,GCT
V.CAMPO 5,BARRANCABERMEJA,SANTANDER,IANR DESHIDRATADORA LISAMA,708,Explotación de hidrocarburos,1312,Puntual,Estrato arbustivo,Busqueda libre por inspección visual al azar,2021-04-15,Medio,,95,4913802,2329869,GCT
V. CAMPO 38,BARRANCABERMEJA,SANTANDER,IANR JONNY CHÁVEZ,709,Pastos enmalezados,233,Puntual,Estrato herbáceo,Busqueda libre por inspección visual al azar,2021-04-21,Medio,,88,4914115,2330956,GCT
V. CAMPO 38,BARRANCABERMEJA,SANTANDER,IANR JONNY CHÁVEZ,710,Red vial y territorios asociados,1221,Puntual,Zona inundable,Busqueda libre por inspección visual al azar,2021-04-21,Medio,,89,4914128,2330956,GCT
V. CAMPO 38,BARRANCABERMEJA,SANTANDER,IANR JONNY CHÁVEZ,711,Zonas Pantanosas,411,Puntual,Zona inundable,Busqueda libre por inspección visual al azar,2021-04-21,Medio,,86,4914171,2330941,GCT
V. CAMPO 38,BARRANCABERMEJA,SANTANDER,IANR JONNY CHÁVEZ,712,Pastos enmalezados,233,Puntual,Zona inundable,Busqueda libre por inspección visual al azar,2021-04-21,Medio,,91,4914223,2330929,GCT
V. CAMPO 38,BARRANCABERMEJA,SANTANDER,IANR JONNY CHÁVEZ,713,Zonas Pantanosas,411,Puntual,Línea eléctrica,Busqueda libre por inspección visual al azar,2021-04-21,Medio,,81,4914185,2330938,GCT
V. CAMPO 38,BARRANCABERMEJA,SANTANDER,IANR JONNY CHÁVEZ,714,Pastos enmalezados,233,Puntual,Zona inundable,Busqueda libre por inspección visual al azar,2021-04-21,Medio,,93,4913935,2331008,GCT
V. CAMPO 38,BARRANCABERMEJA,SANTANDER,IANR JONNY CHÁVEZ,715,Pastos enmalezados,233,Puntual,Zona inundable,Busqueda libre por inspección visual al azar,2021-04-21,Medio,,93,4914143,2331027,GCT
V. CAMPO 38,BARRANCABERMEJA,SANTANDER,IANR JONNY CHÁVEZ,716,Pastos enmalezados,233,Puntual,Estrato arbustivo,Busqueda libre por inspección visual al azar,2021-04-21,Medio,,93,4914207,2330951,GCT
V. CAMPO 38,BARRANCABERMEJA,SANTANDER,IANR JONNY CHÁVEZ,717,Pastos enmalezados,233,Puntual,Zona inundable,Busqueda libre por inspección visual al azar,2021-04-21,Medio,,91,4914329,2331009,GCT
V. CAMPO 38,BARRANCABERMEJA,SANTANDER,IANR JONNY CHÁVEZ,718,Pastos enmalezados,233,Puntual,Zona inundable,Busqueda libre por inspección visual al azar,2021-04-21,Medio,,91,4914297,2331014,GCT
V. CAMPO 38,BARRANCABERMEJA,SANTANDER,IANR JONNY CHÁVEZ,719,Vegetación Secundaria Baja,3232,Puntual,Zona inundable,Busqueda libre por inspección visual al azar,2021-04-21,Medio,,93,4914235,2330995,GCT
V. CAMPO 38,BARRANCABERMEJA,SANTANDER,IANR JONNY CHÁVEZ,720,Pastos enmalezados,233,Puntual,Trampa de aceites,Busqueda libre por inspección visual al azar,2021-04-21,Medio,,89,4914420,2330900,GCT
V. CAMPO 38,BARRANCABERMEJA,SANTANDER,IANR JONNY CHÁVEZ,721,Pastos enmalezados,233,Puntual,Estrato arbustivo,Busqueda libre por inspección visual al azar,2021-04-21,Medio,,94,4914450,2330939,GCT
V. CAMPO 5,BARRANCABERMEJA,SANTANDER,IANR HENNY NAVARRO,724,Pastos enmalezados,233,Puntual,Zona inundable,Busqueda libre por inspección visual al azar,2021-04-22,Húmedo,,98,4914202,2330418,GCT
V. CAMPO 5,BARRANCABERMEJA,SANTANDER,IANR HENNY NAVARRO,725,Explotación de hidrocarburos,1312,Puntual,Zona inundable,Busqueda libre por inspección visual al azar,2021-04-22,Húmedo,,97,4914351,2330395,GCT
V. CAMPO 5,BARRANCABERMEJA,SANTANDER,IANR HENNY NAVARRO,726,Pastos enmalezados,233,Puntual,Zona inundable,Busqueda libre por inspección visual al azar,2021-04-22,Húmedo,,90,4914242,2330261,GCT
V. CAMPO 5,BARRANCABERMEJA,SANTANDER,IANR HENNY NAVARRO,727,Vegetación Secundaria Baja,3232,Puntual,Zona inundable,Busqueda libre por inspección visual al azar,2021-04-22,Húmedo,,90,4914042,2330322,GCT
V. CAMPO 5,BARRANCABERMEJA,SANTANDER,IANR HENNY NAVARRO,728,Vegetación Secundaria Baja,3232,Puntual,Estrato arbustivo,Busqueda libre por inspección visual al azar,2021-04-22,Húmedo,,89,4914043,2330324,GCT
V. CAMPO 5,BARRANCABERMEJA,SANTANDER,IANR HENNY NAVARRO,729,Vegetación Secundaria Baja,3232,Puntual,Estrato arbustivo,Busqueda libre por inspección visual al azar,2021-04-22,Húmedo,,92,4914178,2330249,GCT
V. CAMPO 5,BARRANCABERMEJA,SANTANDER,IANR HENNY NAVARRO,730,Pastos enmalezados,233,Puntual,Estrato arbustivo,Busqueda libre por inspección visual al azar,2021-04-22,Húmedo,,88,4914187,2330240,GCT
V. CAMPO 5,BARRANCABERMEJA,SANTANDER,IANR HENNY NAVARRO,731,Pastos enmalezados,233,Puntual,Zona inundable,Busqueda libre por inspección visual al azar,2021-04-22,Húmedo,,86,4914264,2330268,GCT
V. CAMPO 45,BARRANCABERMEJA,SANTANDER,IANR ORLANDO SANTOS II,732,Vegetación Secundaria Alta,3231,Puntual,Estrato arbóreo,Busqueda libre por inspección visual al azar,2021-04-30,Húmedo,,95,4914236,2332845,GCT
V. CAMPO 45,BARRANCABERMEJA,SANTANDER,IANR ORLANDO SANTOS II,733,Vegetación secundaria alta,3231,Puntual,Estrato arbóreo,Busqueda libre por inspección visual al azar,2021-04-30,Húmedo,,100,4914197,2332859,GCT
V. CAMPO 45,BARRANCABERMEJA,SANTANDER,IANR ORLANDO SANTOS II,734,Explotación de hidrocarburos,1312,Puntual,Estrato arbóreo,Busqueda libre por inspección visual al azar,2021-04-30,Húmedo,,102,4914165,2332988,GCT
V. CAMPO 45,BARRANCABERMEJA,SANTANDER,IANR ORLANDO SANTOS II,735,Vegetación secundaria alta,3231,Puntual,Estrato arbóreo,Busqueda libre por inspección visual al azar,2021-04-30,Húmedo,,87,4914148,2332930,GCT
V. CAMPO 45,BARRANCABERMEJA,SANTANDER,IANR ORLANDO SANTOS II,736,Vegetación secundaria alta,3231,Puntual,Estrato arbóreo,Busqueda libre por inspección visual al azar,2021-04-30,Húmedo,,81,4914177,2332968,GCT
V. CAMPO 45,BARRANCABERMEJA,SANTANDER,IANR ORLANDO SANTOS II,737,Pastos enmalezados,233,Puntual,Estrato arbóreo,Busqueda libre por inspección visual al azar,2021-04-30,Húmedo,,79,4914220,2333053,GCT
V. CAMPO 45,BARRANCABERMEJA,SANTANDER,IANR ORLANDO SANTOS II,738,Pastos arbolados,232,Puntual,Estrato arbóreo,Busqueda libre por inspección visual al azar,2021-04-30,Húmedo,,93,4914158,2333032,GCT
V. CAMPO 45,BARRANCABERMEJA,SANTANDER,IANR ORLANDO SANTOS II,739,Vegetación secundaria alta,3231,Puntual,Estrato herbáceo,Busqueda libre por inspección visual al azar,2021-04-30,Húmedo,,88,4914186,2332886,GCT
V. CAMPO 45,BARRANCABERMEJA,SANTANDER,IANR ORLANDO SANTOS II,740,Explotación de hidrocarburos,1312,Puntual,Estrato herbáceo,Busqueda libre por inspección visual al azar,2021-04-30,Húmedo,,94,4914198,2332980,GCT
V. PLANTA NUEVA,BARRANCABERMEJA,SANTANDER,IANR ABELARDO DOMÍNGUEZ,741,Pastos enmalezados,233,Puntual,Estrato herbáceo,Busqueda libre por inspección visual al azar,2021-05-13,Húmedo,,96,4916831,2328381,GCT
V. PLANTA NUEVA,BARRANCABERMEJA,SANTANDER,IANR ABELARDO DOMÍNGUEZ,742,Tierras desnudas y degradadas,333,Puntual,Estrato herbáceo,Busqueda libre por inspección visual al azar,2021-05-13,Húmedo,,93,4916787,2328404,GCT
V. PLANTA NUEVA,BARRANCABERMEJA,SANTANDER,IANR ABELARDO DOMÍNGUEZ,743,Pastos limpios,231,Puntual,Zona inundable,Busqueda libre por inspección visual al azar,2021-05-13,Húmedo,,86,4916850,2328405,GCT
V. PLANTA NUEVA,BARRANCABERMEJA,SANTANDER,IANR ABELARDO DOMÍNGUEZ,744,Pastos enmalezados,233,Puntual,Estrato herbáceo,Busqueda libre por inspección visual al azar,2021-05-13,Húmedo,,86,4916784,2328429,GCT
V. PLANTA NUEVA,BARRANCABERMEJA,SANTANDER,IANR ABELARDO DOMÍNGUEZ,745,Pastos limpios,231,Puntual,Estrato arbustivo,Busqueda libre por inspección visual al azar,2021-05-13,Húmedo,,93,4916844,2328384,GCT
V. CAMPO 38,BARRANCABERMEJA,SANTANDER,IANR GONZALO PÉREZ,746,Pastos enmalezados,233,Puntual,Estrato arbóreo,Busqueda libre por inspección visual al azar,2021-05-13,Húmedo,,84,4916661,2331013,GCT
V. CAMPO 38,BARRANCABERMEJA,SANTANDER,IANR GONZALO PÉREZ,747,Pastos enmalezados,233,Puntual,Estrato arbóreo,Busqueda libre por inspección visual al azar,2021-05-13,Húmedo,,82,4916609,2330973,GCT
V. CAMPO 38,BARRANCABERMEJA,SANTANDER,IANR GONZALO PÉREZ,748,Pastos enmalezados,233,Puntual,Estrato arbóreo,Busqueda libre por inspección visual al azar,2021-05-13,Húmedo,,78,4916612,2330922,GCT
V. CAMPO 38,BARRANCABERMEJA,SANTANDER,IANR GONZALO PÉREZ,749,Pastos enmalezados,233,Puntual,Estrato arbóreo,Busqueda libre por inspección visual al azar,2021-05-13,Húmedo,,83,4916624,2330904,GCT
V. CAMPO 38,BARRANCABERMEJA,SANTANDER,IANR GONZALO PÉREZ,750,Pastos enmalezados,233,Puntual,Estrato arbóreo,Busqueda libre por inspección visual al azar,2021-05-13,Húmedo,,79,4916630,2330889,GCT
V. CAMPO 38,BARRANCABERMEJA,SANTANDER,IANR GONZALO PÉREZ,751,Vegetación Secundaria Baja,3232,Puntual,Estrato arbóreo,Busqueda libre por inspección visual al azar,2021-05-13,Húmedo,,80,4916615,2330893,GCT
V. CAMPO 38,BARRANCABERMEJA,SANTANDER,IANR GONZALO PÉREZ,752,Pastos enmalezados,233,Puntual,Zona inundable,Busqueda libre por inspección visual al azar,2021-05-13,Húmedo,,81,4916615,2330907,GCT
V. CAMPO 38,BARRANCABERMEJA,SANTANDER,IANR GONZALO PÉREZ,753,Pastos enmalezados,233,Puntual,Sobrevuelo,Busqueda libre por inspección visual al azar,2021-05-13,Húmedo,,80,4916611,2330921,GCT
V. CAMPO 38,BARRANCABERMEJA,SANTANDER,IANR GONZALO PÉREZ,754,Red vial y territorios asociados,1221,Puntual,Estrato arbóreo,Busqueda libre por inspección visual al azar,2021-05-13,Húmedo,,100,4916603,2330868,GCT
V. CAMPO 38,BARRANCABERMEJA,SANTANDER,IANR GONZALO PÉREZ,755,Pastos enmalezados,233,Puntual,Estrato arbóreo,Busqueda libre por inspección visual al azar,2021-05-13,Húmedo,,81,4916688,2331019,GCT
V. CAMPO 38,BARRANCABERMEJA,SANTANDER,IANR GONZALO PÉREZ,756,Pastos enmalezados,233,Puntual,Zona inundable,Busqueda libre por inspección visual al azar,2021-05-14,Húmedo,,84,4916642,2330995,GCT
V. CAMPO 38,BARRANCABERMEJA,SANTANDER,IANR GONZALO PÉREZ,757,Vegetación Secundaria Baja,3232,Puntual,Estrato herbáceo,Busqueda libre por inspección visual al azar,2021-05-14,Húmedo,,87,4916601,2330979,GCT
V. CAMPO 38,BARRANCABERMEJA,SANTANDER,IANR GONZALO PÉREZ,758,Vegetación Secundaria Baja,3232,Puntual,Estrato arbóreo,Busqueda libre por inspección visual al azar,2021-05-14,Húmedo,,78,4916611,2330956,GCT
V. CAMPO 38,BARRANCABERMEJA,SANTANDER,IANR GONZALO PÉREZ,759,Pastos enmalezados,233,Puntual,Estrato herbáceo,Busqueda libre por inspección visual al azar,2021-05-14,Húmedo,,79,4916622,2330909,GCT
V. CAMPO 38,BARRANCABERMEJA,SANTANDER,IANR GONZALO PÉREZ,760,Pastos enmalezados,233,Puntual,Estrato arbustivo,Busqueda libre por inspección visual al azar,2021-05-14,Húmedo,,82,4916626,2330897,GCT
V. CAMPO 38,BARRANCABERMEJA,SANTANDER,IANR GONZALO PÉREZ,761,Pastos enmalezados,233,Puntual,Estrato herbáceo,Busqueda libre por inspección visual al azar,2021-05-14,Húmedo,,93,4916603,2330932,GCT
V. CAMPO 38,BARRANCABERMEJA,SANTANDER,IANR GONZALO PÉREZ,762,Pastos enmalezados,233,Puntual,Estrato arbustivo,Busqueda libre por inspección visual al azar,2021-05-14,Húmedo,,88,4916633,2330986,GCT
V. EL PALMAR,BARRANCABERMEJA,SANTANDER,IANR EDINSON GUALDRÓN,763,Vegetación Secundaria Alta,3231,Puntual,Orilla de vía,Busqueda libre por inspección visual al azar,2021-05-19,Húmedo,,96,4914760,2327313,GCT
V. EL PALMAR,BARRANCABERMEJA,SANTANDER,IANR EDINSON GUALDRÓN,764,Vegetación Secundaria Alta,3231,Puntual,Estrato arbóreo,Busqueda libre por inspección visual al azar,2021-05-19,Húmedo,,95,4914762,2327315,GCT
V. EL PALMAR,BARRANCABERMEJA,SANTANDER,IANR EDINSON GUALDRÓN,765,Vegetación Secundaria Alta,3231,Puntual,Sobrevuelo,Busqueda libre por inspección visual al azar,2021-05-19,Húmedo,,91,4914771,2327316,GCT
V. EL PALMAR,BARRANCABERMEJA,SANTANDER,IANR EDINSON GUALDRÓN,766,Vegetación Secundaria Alta,3231,Puntual,Estrato arbóreo,Busqueda libre por inspección visual al azar,2021-05-19,Húmedo,,97,4914744,2327332,GCT
V. CAMPO 13,BARRANCABERMEJA,SANTANDER,IANR OLGA CEDIEL,767,Tejido urbano discontinuo,112,Puntual,Estrato arbustivo,Busqueda libre por inspección visual al azar,2021-05-19,Húmedo,,100,4916347,2324699,GCT
V. CAMPO 13,BARRANCABERMEJA,SANTANDER,IANR OLGA CEDIEL,768,Pastos limpios,231,Puntual,Estrato arbóreo,Busqueda libre por inspección visual al azar,2021-05-19,Húmedo,,100,4916380,2324689,GCT
V. CAMPO 13,BARRANCABERMEJA,SANTANDER,IANR OLGA CEDIEL,769,Pastos limpios,231,Puntual,Infraestructura eléctrica,Busqueda libre por inspección visual al azar,2021-05-19,Húmedo,,97,4916351,2324677,GCT
V. CAMPO 13,BARRANCABERMEJA,SANTANDER,IANR OLGA CEDIEL,770,Pastos limpios,231,Puntual,Infraestructura eléctrica,Busqueda libre por inspección visual al azar,2021-05-19,Húmedo,,95,4916369,2324702,GCT
V. CAMPO 16,BARRANCABERMEJA,SANTANDER,IANR ROSALBA AMAYA,771,Pastos limpios,231,Puntual,Estrato arbóreo,Busqueda libre por inspección visual al azar,2021-05-19,Húmedo,,111,4916671,2322909,GCT
V. CAMPO 16,BARRANCABERMEJA,SANTANDER,IANR ROSALBA AMAYA,772,Explotación de hidrocarburos,1312,Puntual,Estrato herbáceo,Busqueda libre por inspección visual al azar,2021-05-19,Húmedo,,109,4916685,2322919,GCT
V. CAMPO 45,BARRANCA BERMEJA,SANTANDER,IANR VILLA VISTA,773,Red vial y territorios asociados,1221,Puntual,Estrato arbóreo,Busqueda libre por inspección visual al azar,2021-05-21,Medio,,97,4913156,2333391,GCT
V. CAMPO 45,BARRANCA BERMEJA,SANTANDER,IANR VILLA VISTA,774,Red vial y territorios asociados,1221,Puntual,Infraestructura eléctrica,Busqueda libre por inspección visual al azar,2021-05-21,Medio,,93,4913151,2333435,GCT
V. CAMPO 45,BARRANCA BERMEJA,SANTANDER,IANR VILLA VISTA,775,Estanques para acuicultura continental,5143,Puntual,Estrato arbóreo,Busqueda libre por inspección visual al azar,2021-05-21,Medio,,98,4913163,2333480,GCT
V. CAMPO 45,BARRANCA BERMEJA,SANTANDER,IANR VILLA VISTA,776,Pastos enmalezados,233,Puntual,Zona inundable,Busqueda libre por inspección visual al azar,2021-05-21,Medio,,97,4913182,2333394,GCT
V. CAMPO 45,BARRANCA BERMEJA,SANTANDER,IANR VILLA VISTA,777,Pastos limpios,231,Puntual,Zona inundable,Busqueda libre por inspección visual al azar,2021-05-21,Medio,,99,4913183,2333387,GCT
V. CAMPO 45,BARRANCA BERMEJA,SANTANDER,IANR VILLA VISTA,778,Pastos enmalezados,233,Puntual,Estrato arbóreo,Busqueda libre por inspección visual al azar,2021-05-21,Medio,,96,4913200,2333445,GCT
V. CAMPO 45,BARRANCA BERMEJA,SANTANDER,IANR VILLA VISTA,779,Pastos enmalezados,233,Puntual,Piscina acuicultura,Busqueda libre por inspección visual al azar,2021-05-21,Medio,,95,4913243,2333467,GCT
V. CAMPO 45,BARRANCA BERMEJA,SANTANDER,IANR VILLA VISTA,780,Pastos enmalezados,233,Puntual,Estrato arbóreo,Busqueda libre por inspección visual al azar,2021-05-21,Medio,,98,4913200,2333452,GCT
V. CAMPO 16,BARRANCABERMEJA,SANTANDER,IANR ROSALBA AMAYA,781,Pastos limpios,231,Puntual,Zona inundable,Busqueda libre por inspección visual al azar,2021-05-21,Medio,,113,4916613,2322915,GCT
V. CAMPO 16,BARRANCABERMEJA,SANTANDER,IANR ROSALBA AMAYA,782,Pastos limpios,231,Puntual,Zona inundable,Busqueda libre por inspección visual al azar,2021-05-21,Medio,,112,4916613,2322915,GCT
V. CAMPO 16,BARRANCABERMEJA,SANTANDER,IANR ROSALBA AMAYA,783,Pastos limpios,231,Puntual,Zona inundable,Busqueda libre por inspección visual al azar,2021-05-21,Medio,,112,4916623,2322911,GCT
V. CAMPO 16,BARRANCABERMEJA,SANTANDER,IANR ROSALBA AMAYA,784,Pastos limpios,231,Puntual,Sobrevuelo,Busqueda libre por inspección visual al azar,2021-05-21,Medio,,113,4916671,2322910,GCT
V. CAMPO 38,BARRANCA BERMEJA,SANTANDER,IANR GUSTAVO ANGARITA II,785,Pastos enmalezados,233,Puntual,Estrato arbóreo,Busqueda libre por inspección visual al azar,2021-05-21,Medio,,99,4914977,2331580,GCT
V. CAMPO 38,BARRANCA BERMEJA,SANTANDER,IANR GUSTAVO ANGARITA II,786,Pastos enmalezados,233,Puntual,Estrato herbáceo,Busqueda libre por inspección visual al azar,2021-05-21,Medio,,99,4915013,2331569,GCT
V. CAMPO 38,BARRANCA BERMEJA,SANTANDER,IANR GUSTAVO ANGARITA II,787,Pastos enmalezados,233,Puntual,Estrato arbóreo,Busqueda libre por inspección visual al azar,2021-05-21,Medio,,107,4915078,2331609,GCT
V. CAMPO 38,BARRANCA BERMEJA,SANTANDER,IANR GUSTAVO ANGARITA II,788,Pastos enmalezados,233,Puntual,Estrato arbóreo,Busqueda libre por inspección visual al azar,2021-05-21,Medio,,104,4915106,2331613,GCT
V. CAMPO 38,BARRANCA BERMEJA,SANTANDER,IANR GUSTAVO ANGARITA II,789,Pastos enmalezados,233,Puntual,Estrato arbóreo,Busqueda libre por inspección visual al azar,2021-05-21,Medio,,102,4915065,2331611,GCT
V. CAMPO 38,BARRANCA BERMEJA,SANTANDER,IANR GUSTAVO ANGARITA II,790,Pastos enmalezados,233,Puntual,Estrato arbustivo,Busqueda libre por inspección visual al azar,2021-05-27,Medio,,103,4915042,2331604,GCT
V. CAMPO 38,BARRANCA BERMEJA,SANTANDER,IANR GUSTAVO ANGARITA II,791,Pastos enmalezados,233,Puntual,Estrato arbóreo,Busqueda libre por inspección visual al azar,2021-05-27,Medio,,98,4915018,2331602,GCT
V. CAMPO 38,BARRANCA BERMEJA,SANTANDER,IANR GUSTAVO ANGARITA II,792,Pastos enmalezados,233,Puntual,Estrato herbáceo,Busqueda libre por inspección visual al azar,2021-05-27,Medio,,95,4914984,2331590,GCT
V. CAMPO 38,BARRANCA BERMEJA,SANTANDER,IANR GUSTAVO ANGARITA II,793,Pastos enmalezados,233,Puntual,Estrato arbustivo,Busqueda libre por inspección visual al azar,2021-05-27,Medio,,95,4914983,2331589,GCT
V. CAMPO 5,BARRANCABERMEJA,SANTANDER,IANR LA ESPERANZA,794,Vegetación Secundaria Alta,3231,Puntual,Estrato arbóreo,Busqueda libre por inspección visual al azar,2021-05-27,Húmedo,,90,4915116,2329106,GCT
V. CAMPO 5,BARRANCABERMEJA,SANTANDER,IANR LA ESPERANZA,795,Vegetación Secundaria Alta,3231,Puntual,Estrato arbóreo,Busqueda libre por inspección visual al azar,2021-05-27,Húmedo,,88,4915117,2329107,GCT
V. CAMPO 5,BARRANCABERMEJA,SANTANDER,IANR LA ESPERANZA,796,Vegetación Secundaria Alta,3231,Puntual,Zona inundable,Busqueda libre por inspección visual al azar,2021-05-27,Húmedo,,85,4915111,2329121,GCT
V. CAMPO 5,BARRANCABERMEJA,SANTANDER,IANR LA ESPERANZA,797,Vegetación Secundaria Alta,3231,Puntual,Estrato arbóreo,Busqueda libre por inspección visual al azar,2021-05-27,Húmedo,,83,4915129,2329068,GCT
V. CAMPO 5,BARRANCABERMEJA,SANTANDER,IANR LA ESPERANZA,798,Pastos arbolados,232,Puntual,Estrato arbustivo,Busqueda libre por inspección visual al azar,2021-05-27,Húmedo,,77,4915206,2329067,GCT
V. CAMPO 5,BARRANCABERMEJA,SANTANDER,IANR LA ESPERANZA,799,Vegetación Secundaria Alta,3231,Puntual,Zona inundable,Busqueda libre por inspección visual al azar,2021-05-27,Húmedo,,77,4915230,2329083,GCT
V. CAMPO 5,BARRANCABERMEJA,SANTANDER,IANR LA ESPERANZA,800,Pastos arbolados,232,Puntual,Estrato arbustivo,Busqueda libre por inspección visual al azar,2021-05-27,Húmedo,,77,4915245,2329093,GCT
V. CAMPO 5,BARRANCABERMEJA,SANTANDER,IANR LA ESPERANZA,801,Vegetación Secundaria Alta,3231,Puntual,Zona inundable,Busqueda libre por inspección visual al azar,2021-05-27,Húmedo,,47,4915276,2329249,GCT
V. CAMPO 5,BARRANCABERMEJA,SANTANDER,IANR LA ESPERANZA,802,Vegetación Secundaria Alta,3231,Puntual,Zona inundable,Busqueda libre por inspección visual al azar,2021-05-27,Húmedo,,88,4915114,2329094,GCT
V. PLANTA NUEVA,BARRANCABERMEJA,SANTANDER,IANR ARACELY CARDONA,815,Vegetación Secundaria Alta,3231,Puntual,Estrato Arbóreo,Busqueda libre por inspección visual al azar,2021-07-28,Medio,,92,4916971,2329434,GCT
V. PLANTA NUEVA,BARRANCABERMEJA,SANTANDER,IANR ARACELY CARDONA,816,Vegetación Secundaria Alta,3231,Puntual,Estrato Arbustivo,Busqueda libre por inspección visual al azar,2021-07-28,Medio,,84,4917069,2329437,GCT
V. PLANTA NUEVA,BARRANCABERMEJA,SANTANDER,IANR ARACELY CARDONA,817,Vegetación Secundaria Alta,3231,Puntual,Estrato Arbóreo,Busqueda libre por inspección visual al azar,2021-07-28,Medio,,87,4917095,2329452,GCT
V. PLANTA NUEVA,BARRANCABERMEJA,SANTANDER,IANR ARACELY CARDONA,818,Vegetación Secundaria Alta,3231,Puntual,Estrato Arbóreo,Busqueda libre por inspección visual al azar,2021-07-28,Medio,,83,4917035,2329429,GCT
V. PLANTA NUEVA,BARRANCABERMEJA,SANTANDER,IANR ARACELY CARDONA,819,Pastos limpios,231,Puntual,Estrato Arbóreo,Busqueda libre por inspección visual al azar,2021-07-28,Medio,,90,4916879,2329393,GCT
V. PLANTA NUEVA,BARRANCABERMEJA,SANTANDER,IANR ARACELY CARDONA,820,Pastos limpios,231,Puntual,Estrato Arbóreo,Busqueda libre por inspección visual al azar,2021-07-28,Medio,,94,4916867,2329391,GCT
V. PLANTA NUEVA,BARRANCABERMEJA,SANTANDER,IANR ARACELY CARDONA,821,Vegetación Secundaria Alta,3231,Puntual,Estrato Arbóreo,Busqueda libre por inspección visual al azar,2021-07-28,Medio,,72,4916883,2329347,GCT
V. PLANTA NUEVA,BARRANCABERMEJA,SANTANDER,IANR ARACELY CARDONA,822,Vegetación Secundaria Alta,3231,Puntual,Estrato Arbustivo,Busqueda libre por inspección visual al azar,2021-07-28,Medio,,65,4916900,2329341,GCT
V. PLANTA NUEVA,BARRANCABERMEJA,SANTANDER,IANR ARACELY CARDONA,823,Pastos limpios,231,Puntual,Estrato Arbóreo,Busqueda libre por inspección visual al azar,2021-07-28,Medio,,66,4916890,2329408,GCT
V. PLANTA NUEVA,BARRANCABERMEJA,SANTANDER,IANR ARACELY CARDONA,824,Pastos limpios,231,Puntual,Estrato Herbáceo,Busqueda libre por inspección visual al azar,2021-07-28,Medio,,50,4916931,2329418,GCT
V. PLANTA NUEVA,BARRANCABERMEJA,SANTANDER,IANR ARACELY CARDONA,825,Vegetación Secundaria Alta,3231,Puntual,Estrato Arbóreo,Busqueda libre por inspección visual al azar,2021-07-28,Medio,,63,4917012,2329419,GCT
V. CAMPO 38,BARRANCABERMEJA,SANTANDER,IANR ISRAEL PARDO,830,Pastos enmalezados,233,Puntual,Estrato arbóreo,Busqueda libre por inspección visual al azar,2021-08-03,Medio,,90,4914329,2331803,GCT
V. CAMPO 38,BARRANCABERMEJA,SANTANDER,IANR ISRAEL PARDO,831,Pastos enmalezados,233,Puntual,Infraestructura eléctrica,Busqueda libre por inspección visual al azar,2021-08-03,Medio,,89,4914339,2331762,GCT
V. CAMPO 38,BARRANCABERMEJA,SANTANDER,IANR ISRAEL PARDO,832,Vegetación Secundaria Alta,3231,Puntual,Estrato arbóreo,Busqueda libre por inspección visual al azar,2021-08-03,Medio,,94,4914290,2331827,GCT
V. CAMPO 38,BARRANCABERMEJA,SANTANDER,IANR ISRAEL PARDO,833,Vegetación Secundaria Alta,3231,Puntual,Estrato arbóreo,Busqueda libre por inspección visual al azar,2021-08-03,Medio,,97,4914292,2331836,GCT
V. CAMPO 38,BARRANCABERMEJA,SANTANDER,IANR ISRAEL PARDO,834,Vegetación Secundaria Alta,3231,Puntual,Estrato herbáceo,Busqueda libre por inspección visual al azar,2021-08-03,Medio,,91,4914305,2331851,GCT
V. CAMPO 38,BARRANCABERMEJA,SANTANDER,IANR ISRAEL PARDO,835,Pastos enmalezados,233,Puntual,Estrato herbáceo,Busqueda libre por inspección visual al azar,2021-08-04,Medio,,93,4914360,2331881,GCT
V. CAMPO 38,BARRANCABERMEJA,SANTANDER,IANR ISRAEL PARDO,836,Pastos enmalezados,233,Puntual,Estrato arbóreo,Busqueda libre por inspección visual al azar,2021-08-04,Medio,,89,4914376,2331876,GCT
V. CAMPO 38,BARRANCABERMEJA,SANTANDER,IANR ISRAEL PARDO,837,Red vial y territorios asociados,1221,Puntual,Estrato arbóreo,Busqueda libre por inspección visual al azar,2021-08-04,Medio,,95,4914291,2331873,GCT
V. CAMPO 38,BARRANCABERMEJA,SANTANDER,IANR ISRAEL PARDO,838,Red vial y territorios asociados,1221,Puntual,Estrato arbóreo,Busqueda libre por inspección visual al azar,2021-08-04,Medio,,89,4914280,2331804,GCT
V. CAMPO 38,BARRANCABERMEJA,SANTANDER,IANR ISRAEL PARDO,839,Red vial y territorios asociados,1221,Puntual,Estrato arbóreo,Busqueda libre por inspección visual al azar,2021-08-04,Medio,,92,4914277,2331792,GCT
V. LA CEIBA,BARRANCABERMEJA,SANTANDER,IANR NELSON GUALDRÓN,843,Pastos arbolados,232,Puntual,Estrato herbáceo,Busqueda libre por inspección visual al azar,2021-08-06,Medio,,96,4913933,2328160,GCT
V. LA CEIBA,BARRANCABERMEJA,SANTANDER,IANR NELSON GUALDRÓN,844,Pastos arbolados,232,Puntual,Estrato arbustivo,Busqueda libre por inspección visual al azar,2021-08-06,Medio,,86,4913911,2328139,GCT
V. LLANITO ALTO,BARRANCABERMEJA,SANTANDER,MG2021,854,Tierras desnudas y degradadas,333,Puntual,Estrato Arbóreo,Busqueda libre por inspección visual al azar,2021-08-10,Húmedo,,61,4907671,2350404,GMA
V. LLANITO ALTO,BARRANCABERMEJA,SANTANDER,MG2021,856,Tierras desnudas y degradadas,333,Puntual,Estrato Arbóreo,Busqueda libre por inspección visual al azar,2021-08-10,Húmedo,,65,4907685,2350407,GMA
V. LLANITO ALTO,BARRANCABERMEJA,SANTANDER,MG2021,857,Tierras desnudas y degradadas,333,Puntual,Estrato Arbóreo,Busqueda libre por inspección visual al azar,2021-08-10,Húmedo,,71,4907685,2350423,GMA
V. LLANITO ALTO,BARRANCABERMEJA,SANTANDER,MG2021,858,Vegetación Secundaria Baja,3232,Puntual,Estrato Arbóreo,Busqueda libre por inspección visual al azar,2021-08-10,Húmedo,,69,4907682,2350388,GMA
V. LLANITO ALTO,BARRANCABERMEJA,SANTANDER,MG2021,859,Mosaico de pastos con espacios naturales,244,Puntual,Herbáceo,Busqueda libre por inspección visual al azar,2021-08-10,Húmedo,,80,4907602,2350339,GMA
V. LLANITO ALTO,BARRANCABERMEJA,SANTANDER,MG2021,860,Mosaico de pastos con espacios naturales,244,Puntual,Estrato Arbóreo,Busqueda libre por inspección visual al azar,2021-08-10,Húmedo,,78,4907624,2350330,GMA
V. LLANITO ALTO,BARRANCABERMEJA,SANTANDER,MG2021,861,Vegetación Secundaria Baja,3232,Puntual,Zona inundable,Busqueda libre por inspección visual al azar,2021-08-10,Húmedo,,82,4907864,2350451,GMA
V. LLANITO ALTO,BARRANCABERMEJA,SANTANDER,MG2021,862,Vegetación Secundaria Baja,3232,Puntual,Estrato Arbóreo/acuático,Busqueda libre por inspección visual al azar,2021-08-10,Húmedo,,60,4907823,2350368,GMA
V. LLANITO ALTO,BARRANCABERMEJA,SANTANDER,MG2021,863,Tierras desnudas y degradadas,333,Puntual,Zona inundable,Busqueda libre por inspección visual al azar,2021-08-10,Húmedo,,71,4907672,2350409,GMA
V. LLANITO ALTO,BARRANCABERMEJA,SANTANDER,MG2021,864,Tierras desnudas y degradadas,333,Puntual,Zona inundable,Busqueda libre por inspección visual al azar,2021-08-10,Húmedo,,71,4907671,2350430,GMA
V. LLANITO ALTO,BARRANCABERMEJA,SANTANDER,MG2021,865,Tierras desnudas y degradadas,333,Puntual,Zona inundable,Busqueda libre por inspección visual al azar,2021-08-10,Húmedo,,71,4907704,2350458,GMA
V. LLANITO ALTO,BARRANCABERMEJA,SANTANDER,MG2021,866,Mosaico de pastos con espacios naturales,244,Puntual,Estrato Arbóreo,Busqueda libre por inspección visual al azar,2021-08-10,Húmedo,,67,4907608,2350261,GMA
V. CAMPO 16,BARRANCABERMEJA,SANTANDER,IANR ROSALBA AMAYA,847,Pastos limpios,231,Puntual,Estrato arbóreo,Busqueda libre por inspección visual al azar,2021-08-24,Húmedo,,109,4916712,2322954,GCT
V. CAMPO 16,BARRANCABERMEJA,SANTANDER,IANR ROSALBA AMAYA,848,Explotación de hidrocarburos,1312,Puntual,Infraestructura eléctrica,Busqueda libre por inspección visual al azar,2021-08-24,Húmedo,,114,4916702,2322942,GCT
V. CAMPO 16,BARRANCABERMEJA,SANTANDER,IANR ROSALBA AMAYA,849,Vegetación Secundaria Alta,3231,Puntual,Estrato arbóreo,Busqueda libre por inspección visual al azar,2021-08-24,Húmedo,,109,4916751,2323026,GCT
V. CAMPO 16,BARRANCABERMEJA,SANTANDER,IANR ROSALBA AMAYA,850,Vegetación Secundaria Alta,3231,Puntual,Estrato arbustivo,Busqueda libre por inspección visual al azar,2021-08-24,Húmedo,,109,4916777,2323054,GCT
V. CAMPO 16,BARRANCABERMEJA,SANTANDER,IANR ROSALBA AMAYA,851,Vegetación Secundaria Alta,3231,Puntual,Estrato herbáceo,Busqueda libre por inspección visual al azar,2021-08-24,Húmedo,,111,4916790,2323062,GCT
V. CAMPO 16,BARRANCABERMEJA,SANTANDER,IANR ROSALBA AMAYA,852,Vegetación Secundaria Alta,3231,Puntual,Infraestructura eléctrica,Busqueda libre por inspección visual al azar,2021-08-24,Húmedo,,102,4916812,2323080,GCT
V. LLANITO ALTO,BARRANCABERMEJA,SANTANDER,MG2021,867,Vegetación Secundaria Baja,3232,Puntual,Estrato Arbóreo,Busqueda libre por inspección visual al azar,2021-09-10,Húmedo,,71,4907839,2350418,GMA
V. LLANITO ALTO,BARRANCABERMEJA,SANTANDER,MG2021,868,Vegetación Secundaria Baja,3232,Puntual,Estrato Arbóreo,Busqueda libre por inspección visual al azar,2021-09-10,Húmedo,,72,4907855,2350438,GMA
V. LLANITO ALTO,BARRANCABERMEJA,SANTANDER,MG2021,869,Mosaico de pastos con espacios naturales,244,Puntual,Estrato Arbóreo,Busqueda libre por inspección visual al azar,2021-09-10,Húmedo,,74,4907596,2350335,GMA
V. LLANITO ALTO,BARRANCABERMEJA,SANTANDER,MG2021,870,Tierras desnudas y degradadas,333,Puntual,Zona inundable,Busqueda libre por inspección visual al azar,2021-09-10,Húmedo,,78,4907637,2350357,GMA
V. LLANITO ALTO,BARRANCABERMEJA,SANTANDER,MG2021,871,Mosaico de pastos con espacios naturales,244,Puntual,Estrato Arbóreo,Busqueda libre por inspección visual al azar,2021-09-10,Húmedo,,79,4907647,2350355,GMA
V. LLANITO ALTO,BARRANCABERMEJA,SANTANDER,MG2021,872,Tierras desnudas y degradadas,333,Puntual,Estrato Arbóreo,Busqueda libre por inspección visual al azar,2021-09-10,Húmedo,,78,4907645,2350369,GMA
V. LLANITO ALTO,BARRANCABERMEJA,SANTANDER,MG2021,873,Tierras desnudas y degradadas,333,Puntual,Terrestre,Busqueda libre por inspección visual al azar,2021-09-10,Húmedo,,80,4907674,2350421,GMA
V. LLANITO ALTO,BARRANCABERMEJA,SANTANDER,MG2021,874,Mosaico de pastos con espacios naturales,244,Puntual,Estrato Arbóreo,Busqueda libre por inspección visual al azar,2021-09-10,Húmedo,,0,4907702,2350407,GMA
V. LLANITO ALTO,BARRANCABERMEJA,SANTANDER,MG2021,875,Tierras desnudas y degradadas,333,Puntual,Estrato Arbóreo,Busqueda libre por inspección visual al azar,2021-09-10,Húmedo,,79,4907724,2350455,GMA
V. LLANITO ALTO,BARRANCABERMEJA,SANTANDER,MG2021,876,Mosaico de pastos con espacios naturales,244,Puntual,Estrato Arbóreo,Busqueda libre por inspección visual al azar,2021-09-10,Húmedo,,85,4907644,2350346,GMA
V. LLANITO ALTO,BARRANCABERMEJA,SANTANDER,MG2021,877,Tierras desnudas y degradadas,333,Puntual,Estrato Arbóreo,Busqueda libre por inspección visual al azar,2021-09-10,Húmedo,,72,4907675,2350396,GMA
V. LLANITO ALTO,BARRANCABERMEJA,SANTANDER,MG2021,878,Tierras desnudas y degradadas,333,Puntual,Estrato Arbóreo,Busqueda libre por inspección visual al azar,2021-09-10,Húmedo,,72,4907651,2350390,GMA
V. LLANITO ALTO,BARRANCABERMEJA,SANTANDER,MG2021,879,Tierras desnudas y degradadas,333,Puntual,Estrato Arbóreo,Busqueda libre por inspección visual al azar,2021-09-10,Húmedo,,71,4907661,2350421,GMA
V. LLANITO ALTO,BARRANCABERMEJA,SANTANDER,MG2021,880,Mosaico de pastos con espacios naturales,244,Puntual,Estrato Arbóreo,Busqueda libre por inspección visual al azar,2021-09-10,Húmedo,,82,4907664,2350381,GMA
V. LLANITO ALTO,BARRANCABERMEJA,SANTANDER,MG2021,881,Mosaico de pastos con espacios naturales,244,Puntual,Zona inundable,Busqueda libre por inspección visual al azar,2021-09-10,Húmedo,,64,4907607,2350294,GMA
V. LLANITO ALTO,BARRANCABERMEJA,SANTANDER,MG2021,882,Tierras desnudas y degradadas,333,Puntual,Zona inundable,Busqueda libre por inspección visual al azar,2021-09-10,Húmedo,,55,4907643,2350368,GMA
V. LLANITO ALTO,BARRANCABERMEJA,SANTANDER,MG2021,883,Tierras desnudas y degradadas,333,Puntual,Zona inundable,Busqueda libre por inspección visual al azar,2021-09-10,Húmedo,,56,4907656,2350422,GMA
V. LLANITO ALTO,BARRANCABERMEJA,SANTANDER,MG2021,884,Tierras desnudas y degradadas,333,Puntual,Terrestre,Busqueda libre por inspección visual al azar,2021-09-10,Húmedo,,57,4907706,2350467,GMA
V. LLANITO ALTO,BARRANCABERMEJA,SANTANDER,MG2021,885,Tierras desnudas y degradadas,333,Puntual,Zona inundable,Busqueda libre por inspección visual al azar,2021-09-10,Húmedo,,55,4907726,2350466,GMA
V. LLANITO ALTO,BARRANCABERMEJA,SANTANDER,MG2021,886,Mosaico de pastos con espacios naturales,244,Puntual,Zona inundable,Busqueda libre por inspección visual al azar,2021-09-10,Húmedo,,75,4907599,2350300,GMA
V. LLANITO ALTO,BARRANCABERMEJA,SANTANDER,MG2021,900,Vegetación Secundaria Baja,3232,Puntual,Estrato Arbustivo,Fototrampeo,2021-09-10,Húmedo,,34,4907827,2350403,GMA
V. LLANITO ALTO,BARRANCABERMEJA,SANTANDER,MG2021,887,Mosaico de pastos con espacios naturales,244,Puntual,Estrato Arbóreo,Busqueda libre por inspección visual al azar,2021-10-10,Húmedo,,91,4907899,2350239,GMA
V. LLANITO ALTO,BARRANCABERMEJA,SANTANDER,MG2021,888,Vegetación Secundaria Baja,3232,Puntual,Estrato Arbóreo,Busqueda libre por inspección visual al azar,2021-10-10,Húmedo,,65,4907858,2350443,GMA
V. LLANITO ALTO,BARRANCABERMEJA,SANTANDER,MG2021,889,Vegetación Secundaria Baja,3232,Puntual,Estrato Arbóreo,Busqueda libre por inspección visual al azar,2021-10-10,Húmedo,,62,4907847,2350419,GMA
V. LLANITO ALTO,BARRANCABERMEJA,SANTANDER,MG2021,890,Vegetación Secundaria Baja,3232,Puntual,Raíces colgantes,Busqueda libre por inspección visual al azar,2021-10-10,Húmedo,,70,4907841,2350419,GMA
V. LLANITO ALTO,BARRANCABERMEJA,SANTANDER,MG2021,891,Mosaico de pastos con espacios naturales,244,Puntual,Estrato Arbóreo,Busqueda libre por inspección visual al azar,2021-10-10,Húmedo,,85,4907669,2350360,GMA
V. LLANITO ALTO,BARRANCABERMEJA,SANTANDER,MG2021,892,Tierras desnudas y degradadas,333,Puntual,Estrato Arbóreo,Busqueda libre por inspección visual al azar,2021-10-10,Húmedo,,86,4907699,2350447,GMA
V. LLANITO ALTO,BARRANCABERMEJA,SANTANDER,MG2021,893,Tierras desnudas y degradadas,333,Puntual,Estrato Arbóreo,Busqueda libre por inspección visual al azar,2021-10-10,Húmedo,,79,4907632,2350357,GMA
V. LLANITO ALTO,BARRANCABERMEJA,SANTANDER,MG2021,894,Tierras desnudas y degradadas,333,Puntual,Estrato Arbóreo,Busqueda libre por inspección visual al azar,2021-10-10,Húmedo,,79,4907591,2350341,GMA
V. LLANITO ALTO,BARRANCABERMEJA,SANTANDER,MG2021,895,Tierras desnudas y degradadas,333,Puntual,Terrestre,Busqueda libre por inspección visual al azar,2021-10-10,Húmedo,,79,4907700,2350464,GMA
V. LLANITO ALTO,BARRANCABERMEJA,SANTANDER,MG2021,896,Tierras desnudas y degradadas,333,Puntual,Zona inundable,Busqueda libre por inspección visual al azar,2021-10-10,Húmedo,,73,4907626,2350356,GMA
V. CAMPO 38,BARRANCABERMEJA,SANTANDER,PISCINA 1889,10,Red vial y territorios asociados,1221,Puntual,Estrato arbóreo,Busqueda libre por inspección visual al azar,2021-10-15,Húmedo,,95,4915278,2332106,GCT
V. CAMPO 38,BARRANCABERMEJA,SANTANDER,PISCINA 1889,11,Pastos enmalezados,233,Puntual,Estrato arbustivo,Busqueda libre por inspección visual al azar,2021-10-15,Húmedo,,90,4915244,2332108,GCT
V. CAMPO 38,BARRANCABERMEJA,SANTANDER,PISCINA 1889,12,Pastos enmalezados,233,Puntual,Estrato arbóreo,Busqueda libre por inspección visual al azar,2021-10-15,Húmedo,,90,4915219,2332115,GCT
V. CAMPO 38,BARRANCABERMEJA,SANTANDER,PISCINA 1889,13,Pastos enmalezados,233,Puntual,Estrato arbustivo,Busqueda libre por inspección visual al azar,2021-10-15,Húmedo,,96,4915239,2332142,GCT
V. CAMPO 38,BARRANCABERMEJA,SANTANDER,PISCINA 1889,14,Vegetación Secundaria Alta,3231,Puntual,Estrato arbustivo,Busqueda libre por inspección visual al azar,2021-10-15,Húmedo,,96,4915248,2332157,GCT
V. CAMPO 38,BARRANCABERMEJA,SANTANDER,PISCINA 1889,15,Estanques para acuicultura continental,5143,Puntual,Estrato arbóreo,Busqueda libre por inspección visual al azar,2021-10-15,Húmedo,,93,4915270,2332124,GCT
V. CAMPO 38,BARRANCABERMEJA,SANTANDER,PISCINA 1889,16,Estanques para acuicultura continental,5143,Puntual,Estrato arbóreo,Busqueda libre por inspección visual al azar,2021-10-15,Húmedo,,94,4915273,2332129,GCT
V. CAMPO 38,BARRANCABERMEJA,SANTANDER,PISCINA 1889,17,Estanques para acuicultura continental,5143,Puntual,Estrato arbustivo,Busqueda libre por inspección visual al azar,2021-10-15,Húmedo,,96,4915274,2332126,GCT
V. CAMPO 38,BARRANCABERMEJA,SANTANDER,PISCINA 1889,18,Pastos enmalezados,233,Puntual,Estrato arbustivo,Busqueda libre por inspección visual al azar,2021-10-15,Húmedo,,97,4915242,2332104,GCT
V. CAMPO 38,BARRANCABERMEJA,SANTANDER,PISCINA 1889,9,Red vial y territorios asociados,1221,Puntual,Estrato arbóreo,Busqueda libre por inspección visual al azar,2021-10-15,Húmedo,,97,4915306,2332125,GCT
V. CAMPO 16,BARRANCABERMEJA,SANTANDER,IANR ROSALBA AMAYA,902,Pastos limpios,,Puntual,Cerca alambrada aledaña a bajo inundable,Busqueda libre por inspección visual al azar,2021-10-21,Húmedo,,114,4916676,2322900,GCT
V. CAMPO 16,BARRANCABERMEJA,SANTANDER,IANR ROSALBA AMAYA,903,Pastos limpios,,Puntual,Zona inundable,Busqueda libre por inspección visual al azar,2021-10-21,Húmedo,,110,4916654,2322906,GCT
V. CAMPO 16,BARRANCABERMEJA,SANTANDER,IANR ROSALBA AMAYA,904,Pastos limpios,,Puntual,Infraestructura eléctrica,Busqueda libre por inspección visual al azar,2021-10-21,Húmedo,,108,4916668,2322905,GCT
V. CAMPO 16,BARRANCABERMEJA,SANTANDER,IANR ROSALBA AMAYA,905,Vegetación secundaria alta,,Puntual,Estrato arbóreo,Busqueda libre por inspección visual al azar,2021-10-21,Húmedo,,118,4916740,2322989,GCT
V. CAMPO 16,BARRANCABERMEJA,SANTANDER,IANR ROSALBA AMAYA,906,Vegetación secundaria alta,,Puntual,Estrato arbóreo,Busqueda libre por inspección visual al azar,2021-10-21,Húmedo,,117,4916758,2323037,GCT
V. CAMPO 16,BARRANCABERMEJA,SANTANDER,IANR ROSALBA AMAYA,907,Vegetación secundaria alta,,Puntual,Infraestructura eléctrica,Busqueda libre por inspección visual al azar,2021-10-21,Húmedo,,110,4916756,2323055,GCT
V. CAMPO 16,BARRANCABERMEJA,SANTANDER,IANR ROSALBA AMAYA,908,Vegetación secundaria alta,,Puntual,Estrato arbustivo,Busqueda libre por inspección visual al azar,2021-10-21,Húmedo,,119,4916783,2323051,GCT
V. CAMPO 16,BARRANCABERMEJA,SANTANDER,IANR ROSALBA AMAYA,909,Vegetación secundaria alta,,Puntual,Infraestructura eléctrica,Busqueda libre por inspección visual al azar,2021-10-21,Húmedo,,118,4916793,2323061,GCT
V. CAMPO 16,BARRANCABERMEJA,SANTANDER,IANR ROSALBA AMAYA,910,Vegetación secundaria alta,,Puntual,Estrato Arbustivo,Busqueda libre por inspección visual al azar,2021-10-21,Húmedo,,115,4916798,2323087,GCT
V. CAMPO 16,BARRANCABERMEJA,SANTANDER,IANR ROSALBA AMAYA,911,Vegetación secundaria alta,,Puntual,Infraestructura eléctrica,Busqueda libre por inspección visual al azar,2021-10-21,Húmedo,,117,4916817,2323109,GCT
V. CAMPO 16,BARRANCABERMEJA,SANTANDER,IANR ROSALBA AMAYA,912,Vegetación secundaria alta,,Puntual,Estrato Arbustivo,Busqueda libre por inspección visual al azar,2021-10-21,Húmedo,,116,4916740,2322989,GCT
V. CAMPO 16,BARRANCABERMEJA,SANTANDER,IANR ROSALBA AMAYA,913,Pastos limpios,,Puntual,Estrato Arbustivo,Busqueda libre por inspección visual al azar,2021-10-21,Húmedo,,115,4916709,2322952,GCT
V. CAMPO 38,BARRANCABERMEJA,SANTANDER,IANR ISRAEL PARDO,914,Vegetación Secundaria Alta,3231,Puntual,Estrato herbáceo,Busqueda libre por inspección visual al azar,2021-10-25,Húmedo,,62,4914292,2331856,GCT
V. CAMPO 38,BARRANCABERMEJA,SANTANDER,IANR ISRAEL PARDO,915,Vegetación Secundaria Alta,3231,Puntual,Estrato arbóreo,Busqueda libre por inspección visual al azar,2021-10-25,Húmedo,,64,4914286,2331836,GCT
V. CAMPO 38,BARRANCABERMEJA,SANTANDER,IANR ISRAEL PARDO,916,Vegetación Secundaria Alta,3231,Puntual,Estrato arbóreo,Busqueda libre por inspección visual al azar,2021-10-25,Húmedo,,65,4914282,2331813,GCT
V. CAMPO 38,BARRANCABERMEJA,SANTANDER,IANR ISRAEL PARDO,917,Vegetación Secundaria Alta,3231,Puntual,Estrato arbustivo,Busqueda libre por inspección visual al azar,2021-10-25,Húmedo,,103,4914316,2331882,GCT
V. CAMPO 38,BARRANCABERMEJA,SANTANDER,IANR ISRAEL PARDO,918,Vegetación Secundaria Alta,3231,Puntual,Estrato arbustivo,Busqueda libre por inspección visual al azar,2021-10-25,Húmedo,,103,4914322,2331894,GCT
V. CAMPO 38,BARRANCABERMEJA,SANTANDER,IANR ISRAEL PARDO,919,Pastos enmalezados,233,Puntual,Estrato arbóreo,Busqueda libre por inspección visual al azar,2021-10-25,Húmedo,,100,4914369,2331883,GCT
V. CAMPO 38,BARRANCABERMEJA,SANTANDER,IANR ISRAEL PARDO,920,Vegetación Secundaria Alta,3231,Puntual,Estrato arbóreo,Busqueda libre por inspección visual al azar,2021-10-25,Húmedo,,97,4914304,2331860,GCT
V. CAMPO 38,BARRANCABERMEJA,SANTANDER,IANR ISRAEL PARDO,921,Vegetación Secundaria Alta,3231,Puntual,Estrato arbóreo,Busqueda libre por inspección visual al azar,2021-10-25,Húmedo,,0,4914322,2331849,GCT
V. CAMPO 38,BARRANCABERMEJA,SANTANDER,IANR ISRAEL PARDO,922,Pastos enmalezados,233,Puntual,Estrato arbóreo,Busqueda libre por inspección visual al azar,2021-10-25,Húmedo,,97,4914285,2331769,GCT
V. CAMPO 13,BARRANCABERMEJA,SANTANDER,IANR OLGA CEDIEL,923,Tejido urbano discontinuo,112,Puntual,Estrato arbustivo,Busqueda libre por inspección visual al azar,2021-10-29,Húmedo,,99,4916327,2324689,GCT
V. CAMPO 13,BARRANCABERMEJA,SANTANDER,IANR OLGA CEDIEL,924,Tejido urbano discontinuo,112,Puntual,Estrato arbustivo,Busqueda libre por inspección visual al azar,2021-10-29,Húmedo,,100,4916332,2324683,GCT
V. CAMPO 13,BARRANCABERMEJA,SANTANDER,IANR OLGA CEDIEL,925,Pastos limpios,231,Puntual,Infraestructura eléctrica,Busqueda libre por inspección visual al azar,2021-10-29,Húmedo,,100,4916351,2324684,GCT
V. CAMPO 13,BARRANCABERMEJA,SANTANDER,IANR OLGA CEDIEL,926,Pastos limpios,231,Puntual,Estrato arbustivo,Busqueda libre por inspección visual al azar,2021-10-29,Húmedo,,100,4916354,2324666,GCT
V. CAMPO 13,BARRANCABERMEJA,SANTANDER,IANR OLGA CEDIEL,927,Pastos limpios,231,Puntual,Infraestructura petrolera,Busqueda libre por inspección visual al azar,2021-10-29,Húmedo,,99,4916382,2324694,GCT
V. CAMPO 13,BARRANCABERMEJA,SANTANDER,IANR OLGA CEDIEL,928,Tejido urbano discontinuo,112,Puntual,Estrato arbóreo,Busqueda libre por inspección visual al azar,2021-10-29,Húmedo,,102,4916330,2324703,GCT
V. CAMPO 13,BARRANCABERMEJA,SANTANDER,IANR OLGA CEDIEL,929,Tejido urbano discontinuo,112,Puntual,Estrato arbustivo,Busqueda libre por inspección visual al azar,2021-10-29,Húmedo,,99,4916325,2324680,GCT
V. CAMPO GALA,BARRANCABERMEJA,SANTANDER,IANR ESPERANZA LOS PINOS,930,Explotación de hidrocarburos,1312,Puntual,Estrato arbustivo,Busqueda libre por inspección visual al azar,2021-11-04,Húmedo,,83,4904486,2343767,GMA
V. CAMPO GALA,BARRANCABERMEJA,SANTANDER,IANR ESPERANZA LOS PINOS,931,Zonas Pantanosas,411,Puntual,Zona inundable,Busqueda libre por inspección visual al azar,2021-11-04,Húmedo,,76,4904687,2343777,GMA
V. CAMPO GALA,BARRANCABERMEJA,SANTANDER,IANR ESPERANZA LOS PINOS,932,Palma de aceite,2232,Puntual,Estrato arbustivo,Busqueda libre por inspección visual al azar,2021-11-04,Húmedo,,78,4904691,2343765,GMA
V. CAMPO GALA,BARRANCABERMEJA,SANTANDER,IANR ESPERANZA LOS PINOS,933,Red vial y territorios asociados,1221,Puntual,Estrato arbustivo,Busqueda libre por inspección visual al azar,2021-11-04,Húmedo,,100,4904615,2344010,GMA
V. CAMPO GALA,BARRANCABERMEJA,SANTANDER,IANR ESPERANZA LOS PINOS,934,Palma de aceite,2232,Puntual,Estrato arbustivo,Busqueda libre por inspección visual al azar,2021-11-04,Húmedo,,95,4904567,2344024,GMA
V. CAMPO GALA,BARRANCABERMEJA,SANTANDER,IANR ESPERANZA LOS PINOS,935,Vegetación Secundaria Alta,3231,Puntual,Estrato arbustivo,Busqueda libre por inspección visual al azar,2021-11-04,Húmedo,,94,4904618,2343973,GMA
V. CAMPO GALA,BARRANCABERMEJA,SANTANDER,IANR ESPERANZA LOS PINOS,936,Vegetación Secundaria Baja,3232,Puntual,Estrato arbóreo,Busqueda libre por inspección visual al azar,2021-11-04,Húmedo,,87,4904716,2344005,GMA
V. CAMPO GALA,BARRANCABERMEJA,SANTANDER,IANR ESPERANZA LOS PINOS,937,Palma de aceite,2232,Puntual,Estrato arbustivo,Busqueda libre por inspección visual al azar,2021-11-04,Húmedo,,88,4904722,2343958,GMA
V. CAMPO GALA,BARRANCABERMEJA,SANTANDER,IANR ESPERANZA LOS PINOS,938,Palma de aceite,2232,Puntual,Estrato arbustivo,Busqueda libre por inspección visual al azar,2021-11-04,Húmedo,,88,4904675,2343925,GMA
V. CAMPO GALA,BARRANCABERMEJA,SANTANDER,IANR ESPERANZA LOS PINOS,939,Vegetación Secundaria Baja,3232,Puntual,Zona inundable,Busqueda libre por inspección visual al azar,2021-11-04,Húmedo,,83,4904689,2343845,GMA
V. CAMPO 38,BARRANCABERMEJA,SANTANDER,IANR GONZALO PÉREZ,954,Vegetación Secundaria Baja,3232,Puntual,Estrato arbóreo,Busqueda libre por inspección visual al azar,2021-11-09,Húmedo,,85,4916631,2330870,GCT
V. CAMPO 38,BARRANCABERMEJA,SANTANDER,IANR GONZALO PÉREZ,955,Vegetación Secundaria Baja,3232,Puntual,Estrato arbóreo,Busqueda libre por inspección visual al azar,2021-11-09,Húmedo,,88,4916608,2330887,GCT
V. CAMPO 38,BARRANCABERMEJA,SANTANDER,IANR GONZALO PÉREZ,956,Vegetación Secundaria Baja,3232,Puntual,Estanque acuicultura,Busqueda libre por inspección visual al azar,2021-11-09,Húmedo,,90,4916618,2330886,GCT
V. CAMPO 38,BARRANCABERMEJA,SANTANDER,IANR GONZALO PÉREZ,957,Pastos enmalezados,233,Puntual,Estrato arbóreo,Busqueda libre por inspección visual al azar,2021-11-09,Húmedo,,91,4916626,2330916,GCT
V. CAMPO 38,BARRANCABERMEJA,SANTANDER,IANR GONZALO PÉREZ,958,Vegetación Secundaria Baja,3232,Puntual,Estrato arbóreo,Busqueda libre por inspección visual al azar,2021-11-09,Húmedo,,92,4916616,2330886,GCT
V. CAMPO 38,BARRANCABERMEJA,SANTANDER,IANR GONZALO PÉREZ,959,Pastos enmalezados,233,Puntual,Estrato arbóreo,Busqueda libre por inspección visual al azar,2021-11-09,Húmedo,,100,4916668,2331000,GCT
V. CAMPO 38,BARRANCABERMEJA,SANTANDER,IANR GONZALO PÉREZ,960,Pastos enmalezados,233,Puntual,Estrato arbustivo,Busqueda libre por inspección visual al azar,2021-11-09,Húmedo,,99,4916657,2330998,GCT
V. CAMPO 38,BARRANCABERMEJA,SANTANDER,IANR GONZALO PÉREZ,961,Tejido urbano discontinuo,112,Puntual,Estrato arbustivo,Busqueda libre por inspección visual al azar,2021-11-09,Húmedo,,99,4916653,2330974,GCT
V. CAMPO 38,BARRANCABERMEJA,SANTANDER,IANR GONZALO PÉREZ,962,Pastos enmalezados,233,Puntual,Estrato arbóreo,Busqueda libre por inspección visual al azar,2021-11-09,Húmedo,,97,4916610,2330979,GCT
V. CAMPO 38,BARRANCABERMEJA,SANTANDER,IANR GONZALO PÉREZ,963,Vegetación Secundaria Baja,3232,Puntual,Estrato arbustivo,Busqueda libre por inspección visual al azar,2021-11-09,Húmedo,,96,4916618,2330885,GCT
V. CAMPO 38,BARRANCABERMEJA,SANTANDER,IANR GONZALO PÉREZ,964,Pastos enmalezados,233,Puntual,Estrato arbóreo,Busqueda libre por inspección visual al azar,2021-11-09,Húmedo,,91,4916634,2330958,GCT
V. CAMPO 38,BARRANCABERMEJA,SANTANDER,IANR GONZALO PÉREZ,965,Vegetación Secundaria Baja,3232,Puntual,Estrato arbóreo,Busqueda libre por inspección visual al azar,2021-11-09,Húmedo,,91,4916607,2330961,GCT
V. CAMPO 38,BARRANCABERMEJA,SANTANDER,IANR GONZALO PÉREZ,966,Pastos enmalezados,233,Puntual,Estrato arbustivo,Busqueda libre por inspección visual al azar,2021-11-09,Húmedo,,88,4916618,2330983,GCT
V. CAMPO 38,BARRANCABERMEJA,SANTANDER,IANR GONZALO PÉREZ,967,Pastos enmalezados,233,Puntual,Estrato herbáceo,Busqueda libre por inspección visual al azar,2021-11-09,Húmedo,,87,4916647,2331008,GCT
V. LLANITO ALTO,BARRANCABERMEJA,SANTANDER,MG2021,897,Vegetación Secundaria Baja,3232,Puntual,Estrato Arbóreo,Busqueda libre por inspección visual al azar,2021-11-10,Húmedo,,66,4907847,2350425,GMA
V. LLANITO ALTO,BARRANCABERMEJA,SANTANDER,MG2021,898,Vegetación Secundaria Baja,3232,Puntual,Hojarasca,Busqueda libre por inspección visual al azar,2021-11-10,Húmedo,,49,4907837,2350388,GMA
V. LLANITO ALTO,BARRANCABERMEJA,SANTANDER,MG2021,899,Vegetación Secundaria Baja,3232,Puntual,Hojarasca,Busqueda libre por inspección visual al azar,2021-11-10,Húmedo,,70,4907849,2350433,GMA
V. LLANITO ALTO,BARRANCABERMEJA,SANTANDER,MG2021,901,Mosaico de pastos con espacios naturales,244,Puntual,Estrato herbáceo,Busqueda libre por inspección visual al azar,2021-11-10,Húmedo,,68,4907584,2350301,GMA
V. EL PALMAR,BARRANCA BERMEJA,SANTANDER,IANR EDINSON GUALDRÓN,968,Vegetación Secundaria Alta,3231,Puntual,Estrato herbáceo,Busqueda libre por inspección visual al azar,2021-11-10,Húmedo,,46,4914772,2327328,GCT
V. EL PALMAR,BARRANCA BERMEJA,SANTANDER,IANR EDINSON GUALDRÓN,969,Vegetación Secundaria Alta,3231,Puntual,Estrato herbáceo,Busqueda libre por inspección visual al azar,2021-11-10,Húmedo,,53,4914760,2327293,GCT
V. EL PALMAR,BARRANCA BERMEJA,SANTANDER,IANR EDINSON GUALDRÓN,970,Vegetación Secundaria Alta,3231,Puntual,Estrato arbustivo,Busqueda libre por inspección visual al azar,2021-11-10,Húmedo,,64,4914751,2327296,GCT
V. EL PALMAR,BARRANCA BERMEJA,SANTANDER,IANR EDINSON GUALDRÓN,971,Vegetación Secundaria Alta,3231,Puntual,Sobre alambre,Busqueda libre por inspección visual al azar,2021-11-10,Húmedo,,62,4914743,2327332,GCT
V. EL PALMAR,BARRANCA BERMEJA,SANTANDER,IANR EDINSON GUALDRÓN,972,Vegetación Secundaria Alta,3231,Puntual,Estrato arbustivo,Busqueda libre por inspección visual al azar,2021-11-10,Húmedo,,70,4914766,2327338,GCT
V. EL PALMAR,BARRANCA BERMEJA,SANTANDER,IANR EDINSON GUALDRÓN,973,Vegetación Secundaria Alta,3231,Puntual,Comedero,Busqueda libre por inspección visual al azar,2021-11-10,Húmedo,,72,4914776,2327340,GCT
V. EL PALMAR,BARRANCA BERMEJA,SANTANDER,IANR EDINSON GUALDRÓN,974,Vegetación Secundaria Alta,3231,Puntual,Zona inundable,Busqueda libre por inspección visual al azar,2021-11-10,Húmedo,,77,4914777,2327310,GCT
V. EL PALMAR,BARRANCA BERMEJA,SANTANDER,IANR EDINSON GUALDRÓN,975,Vegetación Secundaria Alta,3231,Puntual,Estrato herbáceo,Busqueda libre por inspección visual al azar,2021-11-10,Húmedo,,80,4914789,2327296,GCT
V. EL PALMAR,BARRANCA BERMEJA,SANTANDER,IANR EDINSON GUALDRÓN,976,Vegetación Secundaria Alta,3231,Puntual,Estrato arbóreo,Busqueda libre por inspección visual al azar,2021-11-10,Húmedo,,79,4914754,2327287,GCT
V. EL PALMAR,BARRANCA BERMEJA,SANTANDER,IANR EDINSON GUALDRÓN,977,Vegetación Secundaria Alta,3231,Puntual,Estrato arbustivo,Busqueda libre por inspección visual al azar,2021-11-10,Húmedo,,82,4914731,2327325,GCT
V. EL PALMAR,BARRANCA BERMEJA,SANTANDER,IANR EDINSON GUALDRÓN,978,Explotación de hidrocarburos,1312,Puntual,Estrato arbustivo,Busqueda libre por inspección visual al azar,2021-11-10,Húmedo,,89,4914682,2327302,GCT
V. CAMPO 49,BARRANCABERMEJA,SANTANDER,IANR ORLANDO SANTOS II,100,Pastos enmalezados,233,Puntual,Zona inundable,Busqueda libre por inspección visual al azar,2021-11-11,Húmedo,,86,4914286,2332896,GCT
V. CAMPO 50,BARRANCABERMEJA,SANTANDER,IANR ORLANDO SANTOS II,101,Vegetación Secundaria Alta,3231,Puntual,Estrato arbustivo,Busqueda libre por inspección visual al azar,2021-11-11,Húmedo,,86,4914296,2332896,GCT
V. CAMPO 51,BARRANCABERMEJA,SANTANDER,IANR ORLANDO SANTOS II,102,Vegetación Secundaria Alta,3231,Puntual,Estrato arbustivo,Busqueda libre por inspección visual al azar,2021-11-11,Húmedo,,88,4914295,2332853,GCT
V. CAMPO 52,BARRANCABERMEJA,SANTANDER,IANR ORLANDO SANTOS II,103,Vegetación Secundaria Alta,3231,Puntual,Estrato arbóreo,Busqueda libre por inspección visual al azar,2021-11-11,Húmedo,,86,4914242,2332964,GCT
V. CAMPO 53,BARRANCABERMEJA,SANTANDER,IANR ORLANDO SANTOS II,104,Vegetación Secundaria Alta,3231,Puntual,Zona inundable,Busqueda libre por inspección visual al azar,2021-11-11,Húmedo,,84,4914234,2332968,GCT
V. CAMPO 54,BARRANCABERMEJA,SANTANDER,IANR ORLANDO SANTOS II,105,Vegetación Secundaria Alta,3231,Puntual,Estrato herbáceo,Busqueda libre por inspección visual al azar,2021-11-11,Húmedo,,86,4914226,2332981,GCT
V. CAMPO 55,BARRANCABERMEJA,SANTANDER,IANR ORLANDO SANTOS II,106,Vegetación Secundaria Alta,3231,Puntual,Infraestructura eléctrica,Busqueda libre por inspección visual al azar,2021-11-11,Húmedo,,106,4914324,2332870,GCT
V. CAMPO 56,BARRANCABERMEJA,SANTANDER,IANR ORLANDO SANTOS II,107,Explotación de hidrocarburos,1312,Puntual,Estrato arbóreo,Busqueda libre por inspección visual al azar,2021-11-11,Húmedo,,104,4914320,2332902,GCT
V. CAMPO 57,BARRANCABERMEJA,SANTANDER,IANR ORLANDO SANTOS II,108,Vegetación Secundaria Alta,3231,Puntual,Estrato arbóreo,Busqueda libre por inspección visual al azar,2021-11-11,Húmedo,,97,4914249,2332829,GCT
V. PLANTA NUEVA,BARRANCABERMEJA,SANTANDER,IANR ABELARDO DOMÍNGUEZ,109,Pastos limpios,231,Puntual,Zona inundable,Busqueda libre por inspección visual al azar,2021-11-11,Húmedo,,88,4916809,2328465,GCT
V. PLANTA NUEVA,BARRANCABERMEJA,SANTANDER,IANR ABELARDO DOMÍNGUEZ,110,Pastos limpios,231,Puntual,Zona inundable,Busqueda libre por inspección visual al azar,2021-11-11,Húmedo,,86,4916795,2328441,GCT
V. PLANTA NUEVA,BARRANCABERMEJA,SANTANDER,IANR ABELARDO DOMÍNGUEZ,111,Pastos limpios,231,Puntual,Zona inundable,Busqueda libre por inspección visual al azar,2021-11-11,Húmedo,,84,4916911,2328557,GCT
V. PLANTA NUEVA,BARRANCABERMEJA,SANTANDER,IANR ABELARDO DOMÍNGUEZ,112,Pastos limpios,231,Puntual,Zona inundable,Busqueda libre por inspección visual al azar,2021-11-11,Húmedo,,88,4916908,2328578,GCT
V. PLANTA NUEVA,BARRANCABERMEJA,SANTANDER,IANR ABELARDO DOMÍNGUEZ,113,Pastos limpios,231,Puntual,Zona inundable,Busqueda libre por inspección visual al azar,2021-11-11,Húmedo,,85,4916946,2328539,GCT
V. PLANTA NUEVA,BARRANCABERMEJA,SANTANDER,IANR ABELARDO DOMÍNGUEZ,114,Pastos limpios,231,Puntual,Zona inundable,Busqueda libre por inspección visual al azar,2021-11-11,Húmedo,,86,4916774,2328481,GCT
V. PLANTA NUEVA,BARRANCABERMEJA,SANTANDER,IANR ABELARDO DOMÍNGUEZ,115,Explotación de hidrocarburos,1312,Puntual,Estrato arbustivo,Busqueda libre por inspección visual al azar,2021-11-11,Húmedo,,86,4916968,2328587,GCT
V. PLANTA NUEVA,BARRANCABERMEJA,SANTANDER,IANR ABELARDO DOMÍNGUEZ,116,Pastos enmalezados,233,Puntual,Estrato arbustivo,Busqueda libre por inspección visual al azar,2021-11-11,Húmedo,,93,4916746,2328426,GCT
V. PLANTA NUEVA,BARRANCABERMEJA,SANTANDER,IANR ABELARDO DOMÍNGUEZ,117,Pastos enmalezados,233,Puntual,Estrato herbáceo,Busqueda libre por inspección visual al azar,2021-11-11,Húmedo,,94,4916745,2328430,GCT
V. PLANTA NUEVA,BARRANCABERMEJA,SANTANDER,IANR ABELARDO DOMÍNGUEZ,118,Tierras desnudas y degradadas,333,Puntual,Estrato arbustivo,Busqueda libre por inspección visual al azar,2021-11-11,Húmedo,,108,4916841,2328360,GCT
V. PLANTA NUEVA,BARRANCABERMEJA,SANTANDER,IANR ABELARDO DOMÍNGUEZ,119,Pastos limpios,231,Puntual,Zona inundable,Busqueda libre por inspección visual al azar,2021-11-11,Húmedo,,90,4916774,2328447,GCT
V. PLANTA NUEVA,BARRANCABERMEJA,SANTANDER,IANR ABELARDO DOMÍNGUEZ,120,Tierras desnudas y degradadas,333,Puntual,Estrato arbustivo,Busqueda libre por inspección visual al azar,2021-11-11,Húmedo,,102,4916888,2328365,GCT
V. PLANTA NUEVA,BARRANCABERMEJA,SANTANDER,IANR ABELARDO DOMÍNGUEZ,121,Pastos limpios,231,Puntual,Zona inundable,Busqueda libre por inspección visual al azar,2021-11-11,Húmedo,,91,4916889,2328419,GCT
V. CAMPO 45,BARRANCABERMEJA,SANTANDER,IANR ORLANDO SANTOS II,96,Vegetación Secundaria Alta,3231,Puntual,Zona inundable,Busqueda libre por inspección visual al azar,2021-11-11,Húmedo,,82,4914792,2327307,GCT
V. CAMPO 46,BARRANCABERMEJA,SANTANDER,IANR ORLANDO SANTOS II,97,Pastos enmalezados,233,Puntual,Estrato arbóreo,Busqueda libre por inspección visual al azar,2021-11-11,Húmedo,,80,4914189,2333019,GCT
V. CAMPO 47,BARRANCABERMEJA,SANTANDER,IANR ORLANDO SANTOS II,98,Pastos enmalezados,233,Puntual,Estrato arbóreo,Busqueda libre por inspección visual al azar,2021-11-11,Húmedo,,83,4914246,2332964,GCT
V. CAMPO 48,BARRANCABERMEJA,SANTANDER,IANR ORLANDO SANTOS II,99,Vegetación Secundaria Alta,3231,Puntual,Estrato arbustivo,Busqueda libre por inspección visual al azar,2021-11-11,Húmedo,,88,4914280,2332841,GCT
V. CAMPO 5,BARRANCABERMEJA,SANTANDER,IANR HENNY NAVARRO,122,Pastos enmalezados,233,Puntual,Estrato arbustivo,Busqueda libre por inspección visual al azar,2021-11-16,Húmedo,,152,4914372,2330385,GCT
V. CAMPO 5,BARRANCABERMEJA,SANTANDER,IANR HENNY NAVARRO,123,Vegetación Secundaria Alta,3231,Puntual,Estrato arbóreo,Busqueda libre por inspección visual al azar,2021-11-16,Húmedo,,148,4914309,2330382,GCT
V. CAMPO 5,BARRANCABERMEJA,SANTANDER,IANR HENNY NAVARRO,124,Red vial y territorios asociados,1221,Puntual,Estrato arbustivo,Busqueda libre por inspección visual al azar,2021-11-16,Húmedo,,137,4914260,2330423,GCT
V. CAMPO 5,BARRANCABERMEJA,SANTANDER,IANR HENNY NAVARRO,125,Pastos enmalezados,233,Puntual,Estrato arbustivo,Busqueda libre por inspección visual al azar,2021-11-16,Húmedo,,127,4914199,2330396,GCT
V. CAMPO 5,BARRANCABERMEJA,SANTANDER,IANR HENNY NAVARRO,126,Pastos enmalezados,233,Puntual,Estrato arbustivo,Busqueda libre por inspección visual al azar,2021-11-16,Húmedo,,118,4914144,2330326,GCT
V. CAMPO 5,BARRANCABERMEJA,SANTANDER,IANR HENNY NAVARRO,127,Vegetación Secundaria Baja,3232,Puntual,Estrato arbustivo,Busqueda libre por inspección visual al azar,2021-11-16,Húmedo,,114,4914073,2330330,GCT
V. CAMPO 5,BARRANCABERMEJA,SANTANDER,IANR HENNY NAVARRO,128,Vegetación Secundaria Baja,3232,Puntual,Estrato arbóreo,Busqueda libre por inspección visual al azar,2021-11-16,Húmedo,,110,4914183,2330239,GCT
V. CAMPO 5,BARRANCABERMEJA,SANTANDER,IANR HENNY NAVARRO,129,Pastos enmalezados,233,Puntual,Zona inundable,Busqueda libre por inspección visual al azar,2021-11-16,Húmedo,,104,4914173,2330353,GCT
V. CAMPO 5,BARRANCABERMEJA,SANTANDER,IANR HENNY NAVARRO,130,Pastos enmalezados,233,Puntual,Estrato arbustivo,Busqueda libre por inspección visual al azar,2021-11-16,Húmedo,,99,4914293,2330284,GCT
V. CAMPO 5,BARRANCABERMEJA,SANTANDER,IANR HENNY NAVARRO,131,Vegetación Secundaria Alta,3231,Puntual,Zona inundable,Busqueda libre por inspección visual al azar,2021-11-16,Húmedo,,100,4914273,2330327,GCT
V. CAMPO 5,BARRANCABERMEJA,SANTANDER,IANR HENNY NAVARRO,132,Vegetación Secundaria Alta,3231,Puntual,Estrato arbustivo,Busqueda libre por inspección visual al azar,2021-11-16,Húmedo,,97,4913923,2330354,GCT
V. CAMPO 5,BARRANCABERMEJA,SANTANDER,IANR HENNY NAVARRO,133,Vegetación Secundaria Alta,3231,Puntual,Estrato arbustivo,Busqueda libre por inspección visual al azar,2021-11-16,Húmedo,,98,4913964,2330346,GCT
V. CAMPO 5,BARRANCABERMEJA,SANTANDER,IANR HENNY NAVARRO,134,Vegetación Secundaria Alta,3231,Puntual,Estrato arbustivo,Busqueda libre por inspección visual al azar,2021-11-16,Húmedo,,97,4913933,2330352,GCT
V. PLANTA NUEVA,BARRANCABERMEJA,SANTANDER,IANR ARACELY CARDONA,135,Pastos limpios,231,Puntual,Zona inundable,Busqueda libre por inspección visual al azar,2021-11-17,Húmedo,,117,4917000,2329402,GCT
V. PLANTA NUEVA,BARRANCABERMEJA,SANTANDER,IANR ARACELY CARDONA,136,Pastos limpios,231,Puntual,Estrato arbóreo,Busqueda libre por inspección visual al azar,2021-11-17,Húmedo,,117,4916997,2329397,GCT
V. PLANTA NUEVA,BARRANCABERMEJA,SANTANDER,IANR ARACELY CARDONA,137,Vegetación Secundaria Alta,3231,Puntual,Estrato herbáceo,Busqueda libre por inspección visual al azar,2021-11-17,Húmedo,,109,4917021,2329418,GCT
V. PLANTA NUEVA,BARRANCABERMEJA,SANTANDER,IANR ARACELY CARDONA,138,Vegetación Secundaria Alta,3231,Puntual,Estrato arbóreo,Busqueda libre por inspección visual al azar,2021-11-17,Húmedo,,111,4917033,2329419,GCT
V. PLANTA NUEVA,BARRANCABERMEJA,SANTANDER,IANR ARACELY CARDONA,139,Vegetación Secundaria Alta,3231,Puntual,Estrato herbáceo,Busqueda libre por inspección visual al azar,2021-11-17,Húmedo,,107,4917041,2329433,GCT
V. PLANTA NUEVA,BARRANCABERMEJA,SANTANDER,IANR ARACELY CARDONA,140,Vegetación Secundaria Alta,3231,Puntual,Estrato arbóreo,Busqueda libre por inspección visual al azar,2021-11-17,Húmedo,,103,4917074,2329428,GCT
V. PLANTA NUEVA,BARRANCABERMEJA,SANTANDER,IANR ARACELY CARDONA,141,Vegetación Secundaria Alta,3231,Puntual,Estrato arbóreo,Busqueda libre por inspección visual al azar,2021-11-17,Húmedo,,101,4917091,2329431,GCT
V. PLANTA NUEVA,BARRANCABERMEJA,SANTANDER,IANR ARACELY CARDONA,142,Vegetación Secundaria Alta,3231,Puntual,Zona inundable,Busqueda libre por inspección visual al azar,2021-11-17,Húmedo,,98,4916977,2329432,GCT
V. PLANTA NUEVA,BARRANCABERMEJA,SANTANDER,IANR ARACELY CARDONA,143,Pastos limpios,231,Puntual,Estrato herbáceo,Busqueda libre por inspección visual al azar,2021-11-17,Húmedo,,94,4916875,2329402,GCT
V. PLANTA NUEVA,BARRANCABERMEJA,SANTANDER,IANR ARACELY CARDONA,144,Vegetación Secundaria Alta,3231,Puntual,Estrato herbáceo,Busqueda libre por inspección visual al azar,2021-11-17,Húmedo,,100,4916835,2329381,GCT
V. LA CEIBA,BARRANCABERMEJA,SANTANDER,IANR NELSON GUALDRÓN,145,Explotación de hidrocarburos,1312,Puntual,Estrato arbóreo,Busqueda libre por inspección visual al azar,2021-11-19,Húmedo,,90,4913923,2328223,GCT
V. CAMPO 5,BARRANCABERMEJA,SANTANDER,IANR LA ESPERANZA,152,Vegetación Secundaria Alta,3231,Puntual,Estrato arbóreo,Busqueda libre por inspección visual al azar,2021-11-19,Húmedo,,96,4915108,2329108,GCT
V. CAMPO 5,BARRANCABERMEJA,SANTANDER,IANR LA ESPERANZA,159,Pastos limpios,231,Puntual,Estrato arbustivo,Busqueda libre por inspección visual al azar,2021-11-19,Húmedo,,87,4915262,2329229,GCT
V. LA CEIBA,BARRANCABERMEJA,SANTANDER,IANR NELSON GUALDRÓN,146,Explotación de hidrocarburos,1312,Puntual,Estrato arbustivo,Busqueda libre por inspección visual al azar,2021-11-19,Húmedo,,91,4913903,2328221,GCT
V. CAMPO 5,BARRANCABERMEJA,SANTANDER,IANR LA ESPERANZA,153,Vegetación Secundaria Alta,3231,Puntual,Estrato arbóreo,Busqueda libre por inspección visual al azar,2021-11-19,Húmedo,,98,4915140,2329062,GCT
V. CAMPO 5,BARRANCABERMEJA,SANTANDER,IANR LA ESPERANZA,160,Pastos limpios,231,Puntual,Estrato arbustivo,Busqueda libre por inspección visual al azar,2021-11-19,Húmedo,,87,4915241,2329217,GCT
V. LA CEIBA,BARRANCABERMEJA,SANTANDER,IANR NELSON GUALDRÓN,147,Pastos arbolados,232,Puntual,Estrato herbáceo,Busqueda libre por inspección visual al azar,2021-11-19,Húmedo,,89,4913899,2328199,GCT
V. CAMPO 5,BARRANCABERMEJA,SANTANDER,IANR LA ESPERANZA,154,Pastos arbolados,232,Puntual,Estrato arbóreo,Busqueda libre por inspección visual al azar,2021-11-19,Húmedo,,95,4915154,2329066,GCT
V. CAMPO 5,BARRANCABERMEJA,SANTANDER,IANR LA ESPERANZA,161,Vegetación Secundaria Alta,3231,Puntual,Estrato arbustivo,Busqueda libre por inspección visual al azar,2021-11-19,Húmedo,,90,4915219,2329191,GCT
V. LA CEIBA,BARRANCABERMEJA,SANTANDER,IANR NELSON GUALDRÓN,148,Pastos enmalezados,233,Puntual,Estrato arbustivo,Busqueda libre por inspección visual al azar,2021-11-19,Húmedo,,87,4913830,2328189,GCT
V. CAMPO 5,BARRANCABERMEJA,SANTANDER,IANR LA ESPERANZA,155,Pastos limpios,231,Puntual,Estrato arbóreo,Busqueda libre por inspección visual al azar,2021-11-19,Húmedo,,88,4915376,2329213,GCT
V. CAMPO 5,BARRANCABERMEJA,SANTANDER,IANR LA ESPERANZA,162,Vegetación Secundaria Alta,3231,Puntual,Estrato arbustivo,Busqueda libre por inspección visual al azar,2021-11-19,Húmedo,,90,4915186,2329152,GCT
V. LA CEIBA,BARRANCABERMEJA,SANTANDER,IANR NELSON GUALDRÓN,149,Pastos enmalezados,233,Puntual,Infraestructura eléctrica,Busqueda libre por inspección visual al azar,2021-11-19,Húmedo,,90,4913835,2328176,GCT
V. CAMPO 5,BARRANCABERMEJA,SANTANDER,IANR LA ESPERANZA,156,Pastos limpios,231,Puntual,Zona inundable,Busqueda libre por inspección visual al azar,2021-11-19,Húmedo,,86,4915377,2329220,GCT
V. CAMPO 5,BARRANCABERMEJA,SANTANDER,IANR LA ESPERANZA,163,Vegetación Secundaria Alta,3231,Puntual,Zona inundable,Busqueda libre por inspección visual al azar,2021-11-19,Húmedo,,87,4915224,2329202,GCT
V. LA CEIBA,BARRANCABERMEJA,SANTANDER,IANR NELSON GUALDRÓN,150,Pastos arbolados,232,Puntual,Estrato arbustivo,Busqueda libre por inspección visual al azar,2021-11-19,Húmedo,,87,4913937,2328145,GCT
V. CAMPO 5,BARRANCABERMEJA,SANTANDER,IANR LA ESPERANZA,157,Vegetación Secundaria Alta,3231,Puntual,Estrato herbáceo,Busqueda libre por inspección visual al azar,2021-11-19,Húmedo,,87,4915331,2329239,GCT
V. CAMPO 5,BARRANCABERMEJA,SANTANDER,IANR LA ESPERANZA,164,Vegetación Secundaria Alta,3231,Puntual,Zona inundable,Busqueda libre por inspección visual al azar,2021-11-19,Húmedo,,84,4915375,2329258,GCT
V. LA CEIBA,BARRANCABERMEJA,SANTANDER,IANR NELSON GUALDRÓN,151,Pastos arbolados,232,Puntual,Estrato herbáceo,Busqueda libre por inspección visual al azar,2021-11-19,Húmedo,,89,4913938,2328141,GCT
V. CAMPO 5,BARRANCABERMEJA,SANTANDER,IANR LA ESPERANZA,158,Pastos limpios,231,Puntual,Estrato arbóreo,Busqueda libre por inspección visual al azar,2021-11-19,Húmedo,,89,4915301,2329226,GCT
V. CAMPO 5,BARRANCABERMEJA,SANTANDER,IANR LA ESPERANZA,165,Vegetación Secundaria Baja,3232,Puntual,Zona inundable,Busqueda libre por inspección visual al azar,2021-11-19,Húmedo,,84,4915379,2329207,GCT
V. LLANITO ALTO,BARRANCABERMEJA,SANTANDER,IANR LA CALLITA,170,Plantación de latifoliadas,3152,Puntual,Estrato herbáceo,Busqueda libre por inspección visual al azar,2021-12-13,Seco,,170,4908243,2351392,GMA
V. LLANITO ALTO,BARRANCABERMEJA,SANTANDER,IANR LA CALLITA,166,Pastos enmalezados,233,Puntual,Estrato Arbustivo,Busqueda libre por inspección visual al azar,2021-12-13,Seco,,166,4908548,2351343,GMA
V. LLANITO ALTO,BARRANCABERMEJA,SANTANDER,IANR LA CALLITA,167,Pastos enmalezados,233,Puntual,Estrato arbóreo,Busqueda libre por inspección visual al azar,2021-12-13,Seco,,167,4908640,2351333,GMA
V. LLANITO ALTO,BARRANCABERMEJA,SANTANDER,IANR LA CALLITA,168,Pastos enmalezados,233,Puntual,Estrato arbóreo,Busqueda libre por inspección visual al azar,2021-12-13,Seco,,168,4908596,2351377,GMA
V. LLANITO ALTO,BARRANCABERMEJA,SANTANDER,IANR LA CALLITA,169,Pastos enmalezados,233,Puntual,Estrato herbáceo,Busqueda libre por inspección visual al azar,2021-12-13,Seco,,169,4908576,2351387,GMA
V. LLANITO ALTO,BARRANCABERMEJA,SANTANDER,IANR LA CALLITA,171,Pastos enmalezados,233,Puntual,Orilla de curso de agua,Busqueda libre por inspección visual al azar,2021-12-13,Seco,,171,4908354,2351320,GMA
V. LLANITO ALTO,BARRANCABERMEJA,SANTANDER,IANR LA CALLITA,172,Pastos enmalezados,233,Puntual,Orilla de curso de agua,Busqueda libre por inspección visual al azar,2021-12-13,Seco,,172,4908381,2351322,GMA
V. LLANITO ALTO,BARRANCABERMEJA,SANTANDER,IANR LA CALLITA,173,Pastos enmalezados,233,Puntual,Orilla de curso de agua,Busqueda libre por inspección visual al azar,2021-12-13,Seco,,173,4908405,2351316,GMA
V. CAMPO 23,BARRANCABERMEJA,SANTANDER,IANR VILLA CLAUDIA,174,Pastos enmalezados,233,Puntual,Estrato arbustivo,Busqueda libre por inspección visual al azar,2021-12-15,Seco,,112,4915778,2316327,GCT
V. CAMPO 23,BARRANCABERMEJA,SANTANDER,IANR VILLA CLAUDIA,175,Pastos enmalezados,233,Puntual,Estrato arbóreo,Busqueda libre por inspección visual al azar,2021-12-15,Seco,,114,4915777,2316341,GCT
V. CAMPO 23,BARRANCABERMEJA,SANTANDER,IANR VILLA CLAUDIA,176,Pastos enmalezados,233,Puntual,Estrato arbustivo,Busqueda libre por inspección visual al azar,2021-12-15,Seco,,111,4915796,2316301,GCT
V. CAMPO 23,BARRANCABERMEJA,SANTANDER,IANR VILLA CLAUDIA,177,Pastos arbolados,232,Puntual,Estrato arbustivo,Busqueda libre por inspección visual al azar,2021-12-15,Seco,,113,4915802,2316275,GCT
V. CAMPO 23,BARRANCABERMEJA,SANTANDER,IANR VILLA CLAUDIA,178,Pastos arbolados,232,Puntual,Estrato arbustivo,Busqueda libre por inspección visual al azar,2021-12-15,Seco,,110,4915802,2316254,GCT
V. CAMPO 23,BARRANCABERMEJA,SANTANDER,IANR VILLA CLAUDIA,179,Pastos enmalezados,233,Puntual,Estrato arbóreo,Busqueda libre por inspección visual al azar,2021-12-15,Seco,,116,4915795,2316291,GCT
V. CAMPO 23,BARRANCABERMEJA,SANTANDER,IANR VILLA CLAUDIA,180,Pastos enmalezados,233,Puntual,Raíz de Árbol,Busqueda libre por inspección visual al azar,2021-12-15,Seco,,118,4915799,2316286,GCT
V. CAMPO 38,BARRANCABERMEJA,SANTANDER,IANR GLORIA SEPÚLVEDA,181,Pastos arbolados,232,Puntual,Estrato arbóreo,Busqueda libre por inspección visual al azar,2021-12-23,Seco,,103,4916385,2331344,GCT
V. CAMPO 38,BARRANCABERMEJA,SANTANDER,IANR GLORIA SEPÚLVEDA,182,Pastos arbolados,232,Puntual,Estrato arbóreo,Busqueda libre por inspección visual al azar,2021-12-23,Seco,,103,4916536,2331412,GCT
V. CAMPO 38,BARRANCABERMEJA,SANTANDER,IANR GLORIA SEPÚLVEDA,183,Vegetación Secundaria Alta,3231,Puntual,Estrato herbáceo,Busqueda libre por inspección visual al azar,2021-12-23,Seco,,104,4916491,2331461,GCT
V. CAMPO 38,BARRANCABERMEJA,SANTANDER,IANR GLORIA SEPÚLVEDA,184,Pastos enmalezados,233,Puntual,Estrato arbóreo,Busqueda libre por inspección visual al azar,2021-12-23,Seco,,88,4916471,2331535,GCT
V. CAMPO 38,BARRANCABERMEJA,SANTANDER,IANR GLORIA SEPÚLVEDA,185,Pastos enmalezados,233,Puntual,Estrato arbóreo,Busqueda libre por inspección visual al azar,2021-12-23,Seco,,91,4916464,2331537,GCT
V. CAMPO 38,BARRANCABERMEJA,SANTANDER,IANR GLORIA SEPÚLVEDA,186,Pastos arbolados,232,Puntual,Estrato arbustivo,Busqueda libre por inspección visual al azar,2021-12-23,Seco,,88,4916444,2331423,GCT
V. CAMPO 38,BARRANCABERMEJA,SANTANDER,IANR GLORIA SEPÚLVEDA,187,Pastos arbolados,232,Puntual,Estrato arbóreo,Busqueda libre por inspección visual al azar,2021-12-23,Seco,,89,4916465,2331406,GCT
V. CAMPO 38,BARRANCABERMEJA,SANTANDER,IANR MELBA CALA,188,Explotación de hidrocarburos,1312,Puntual,Estrato arbustivo,Busqueda libre por inspección visual al azar,2021-12-24,Seco,,82,4915253,2332378,GCT
V. CAMPO 38,BARRANCABERMEJA,SANTANDER,IANR MELBA CALA,189,Pastos enmalezados,233,Puntual,Zona inundable,Busqueda libre por inspección visual al azar,2021-12-24,Seco,,80,4915267,2332368,GCT
V. CAMPO 38,BARRANCABERMEJA,SANTANDER,IANR MELBA CALA,190,Pastos enmalezados,233,Puntual,Zona inundable,Busqueda libre por inspección visual al azar,2021-12-24,Seco,,80,4915160,2332303,GCT
V. CAMPO 38,BARRANCABERMEJA,SANTANDER,IANR MELBA CALA,191,Pastos enmalezados,233,Puntual,Estrato arbóreo,Busqueda libre por inspección visual al azar,2021-12-24,Seco,,82,4915162,2332317,GCT
V. CAMPO 38,BARRANCABERMEJA,SANTANDER,IANR MELBA CALA,192,Pastos enmalezados,233,Puntual,Estrato arbustivo,Busqueda libre por inspección visual al azar,2021-12-24,Seco,,83,4915161,2332337,GCT
V. CAMPO 38,BARRANCABERMEJA,SANTANDER,IANR MELBA CALA,193,Pastos enmalezados,233,Puntual,Estrato arbustivo,Busqueda libre por inspección visual al azar,2021-12-24,Seco,,85,4915160,2332356,GCT
V. CAMPO 38,BARRANCABERMEJA,SANTANDER,IANR MELBA CALA,194,Pastos enmalezados,233,Puntual,Estrato arbustivo,Busqueda libre por inspección visual al azar,2021-12-24,Seco,,80,4915230,2332410,GCT
V. CAMPO 38,BARRANCABERMEJA,SANTANDER,IANR MELBA CALA,195,Explotación de hidrocarburos,1312,Puntual,Estrato arbustivo,Busqueda libre por inspección visual al azar,2021-12-24,Seco,,83,4915273,2332386,GCT
V. CAMPO 38,BARRANCABERMEJA,SANTANDER,IANR MELBA CALA,196,Pastos enmalezados,233,Puntual,Estrato herbáceo,Busqueda libre por inspección visual al azar,2021-12-24,Seco,,81,4915297,2332376,GCT
V. CAMPO 38,BARRANCABERMEJA,SANTANDER,IANR MELBA CALA,197,Pastos enmalezados,233,Puntual,Estrato arbustivo,Busqueda libre por inspección visual al azar,2021-12-24,Seco,,82,4915209,2332411,GCT
V. CAMPO 38,BARRANCABERMEJA,SANTANDER,IANR EBER RODRÍGUEZ,198,Pastos limpios,231,Puntual,Estrato arbustivo,Busqueda libre por inspección visual al azar,2021-12-27,Seco,,49,4914825,2332309,GCT
V. CAMPO 38,BARRANCABERMEJA,SANTANDER,IANR EBER RODRÍGUEZ,199,Pastos enmalezados,233,Puntual,Estrato arbustivo,Busqueda libre por inspección visual al azar,2021-12-27,Seco,,52,4915139,2332442,GCT
V. CAMPO 38,BARRANCABERMEJA,SANTANDER,IANR EBER RODRÍGUEZ,200,Pastos enmalezados,233,Puntual,Estrato arbóreo,Busqueda libre por inspección visual al azar,2021-12-27,Seco,,70,4914973,2332339,GCT
V. CAMPO 38,BARRANCABERMEJA,SANTANDER,IANR EBER RODRÍGUEZ,201,Vegetación Secundaria Baja,3232,Puntual,Estrato arbóreo,Busqueda libre por inspección visual al azar,2021-12-27,Seco,,75,4915100,2332383,GCT
V. CAMPO 38,BARRANCABERMEJA,SANTANDER,IANR EBER RODRÍGUEZ,202,Explotación de hidrocarburos,1312,Puntual,Estrato arbustivo,Busqueda libre por inspección visual al azar,2021-12-27,Seco,,83,4915287,2332524,GCT
V. CAMPO 38,BARRANCABERMEJA,SANTANDER,IANR EBER RODRÍGUEZ,203,Pastos limpios,231,Puntual,Estrato arbustivo,Busqueda libre por inspección visual al azar,2021-12-27,Seco,,96,4915261,2332502,GCT
V. CAMPO 38,BARRANCABERMEJA,SANTANDER,IANR EBER RODRÍGUEZ,204,Pastos enmalezados,233,Puntual,Estrato herbáceo,Busqueda libre por inspección visual al azar,2021-12-27,Seco,,105,4915188,2332512,GCT
V. CAMPO 5,BARRANCABERMEJA,SANTANDER,IANR LUZ NEIS MARTÍNEZ,205,Pastos enmalezados,233,Puntual,Estrato arbustivo,Busqueda libre por inspección visual al azar,2021-12-28,Seco,,110,4914084,2329859,GCT
V. CAMPO 5,BARRANCABERMEJA,SANTANDER,IANR LUZ NEIS MARTÍNEZ,206,Tierras desnudas y degradadas,333,Puntual,Estrato arbustivo,Busqueda libre por inspección visual al azar,2021-12-28,Seco,,102,4914086,2329876,GCT
